condition,task,seed,success,collision,viability,payload_rmse,formation_rmse,energy,final_gap,architecture_score,role_accuracy,blanket_accuracy,exact_partition,agreements,causal_changes,synergy
collective_constitutive,assemble,2000,1,0,0.8192535238184264,0.18729818059703346,0.13106430674529243,10.683224999999997,0.0,0.8018173445943065,0.5788043478260869,0.6711956521739131,0.0,8,1,0.2200946987716662
collective_constitutive,assemble,2001,1,0,0.8302803656645344,0.1964240419970677,0.1302409853322945,9.933525000000003,0.0,0.8321319231072161,0.5652173913043478,0.6711956521739131,0.0,8,1,0.19299013503257034
collective_constitutive,assemble,2002,1,0,0.8169082997168343,0.22962687903667386,0.11631244476166652,10.683224999999993,0.0,0.8558922293615248,0.7364130434782609,0.7744565217391305,1.0,9,2,0.15383339030426535
collective_constitutive,assemble,2003,1,0,0.8626413801099216,0.16980204003857452,0.14228671877722512,7.309575000000003,0.0,0.8264412961791272,0.47146739130434784,0.6358695652173914,1.0,6,1,0.24391524953849897
collective_constitutive,assemble,2004,0,0,0.8115234805406116,0.1966860510830319,0.15382093841482916,11.620349999999998,9.362754569557993,0.25930355596366805,0.5122282608695652,0.6141304347826086,0.0,6,0,0.14600040320464525
collective_constitutive,assemble,2005,1,0,0.8749717364310688,0.17883331582789092,0.1510824660101303,6.185025000000003,0.0,0.8490549591501945,0.6875,0.75,0.0,10,2,0.18178332212629067
collective_constitutive,assemble,2006,1,0,0.8304038199288516,0.1933981527139616,0.10977482128012891,10.308374999999998,0.0,0.8364913051356078,0.6005434782608695,0.6902173913043478,1.0,9,2,0.1358214215717023
collective_constitutive,assemble,2007,1,0,0.8807539952024442,0.17099365722218482,0.0917395003277215,5.810175000000003,0.0,0.8155784066566176,0.4076086956521739,0.6304347826086957,0.0,5,1,0.29846767485064596
collective_constitutive,assemble,2008,1,0,0.7947559370216338,0.19527810246665994,0.1665493232009504,11.807774999999996,0.0,0.7731456317184051,0.6589673913043478,0.7608695652173914,0.0,7,1,0.16250890278442975
collective_constitutive,assemble,2009,1,0,0.8755488164302452,0.1370468387258903,0.13565998472955396,6.559875000000003,0.0,0.8065271568210814,0.6440217391304348,0.7581521739130435,1.0,9,1,0.2516351946717059
collective_constitutive,assemble,2010,1,0,0.8776920015212691,0.13955099806059182,0.15067626377206908,5.810175000000002,0.0,0.7932866265568723,0.6114130434782609,0.7065217391304348,0.0,6,1,0.22673081423297847
collective_constitutive,assemble,2011,0,0,0.8172657556998054,0.19872898436466097,0.16430028548196518,10.4958,8.611635214978126,0.27922679356193536,0.6671195652173914,0.7554347826086957,0.0,8,1,0.17237430072765214
collective_constitutive,assemble,2012,1,0,0.8294251226801699,0.19542388824458734,0.11569379603628531,9.558674999999997,0.0,0.8020269927293924,0.7105978260869565,0.7771739130434783,1.0,9,2,0.2024845624057422
collective_constitutive,assemble,2013,1,0,0.7683342345075574,0.24441413720475544,0.14748579772829726,14.431724999999991,0.0,0.8320908468673953,0.6127717391304348,0.7038043478260869,0.0,8,2,0.08908492368694931
collective_constitutive,assemble,2014,0,0,0.8326565973602206,0.1892151351806405,0.12802564652255258,9.183825000000004,7.4221973129541565,0.31504290633398946,0.5203804347826086,0.6521739130434783,0.0,4,1,0.21064073212698764
collective_constitutive,assemble,2015,0,0,0.8465471738219771,0.1827914765930771,0.12833310307506066,8.246700000000002,6.970340634185172,0.33780094703199465,0.6480978260869565,0.7472826086956522,0.0,3,0,0.2309080906153127
collective_constitutive,assemble,2016,1,0,0.874715475368153,0.15433842752406934,0.14147170103452772,5.810175000000004,0.0,0.7919236225239132,0.8152173913043478,0.8858695652173914,1.0,6,1,0.24404071934343807
collective_constitutive,assemble,2017,1,0,0.9078755703864405,0.13123532929857362,0.14116953290618767,4.123350000000001,0.0,0.8310510786233556,0.6725543478260869,0.8342391304347826,1.0,6,1,0.2121193318710216
collective_constitutive,assemble,2018,1,0,0.8293164738404415,0.21959183118028738,0.131144938696589,8.059275000000005,0.0,0.7808390246731094,0.6100543478260869,0.6711956521739131,1.0,10,2,0.1301963434083251
collective_constitutive,assemble,2019,1,0,0.8812491493404329,0.14429474825659078,0.13827468264661066,7.122150000000004,0.0,0.8771285698752374,0.5353260869565217,0.6630434782608695,1.0,6,1,0.12370513524323168
collective_constitutive,repair,2000,1,0,0.859241584160144,0.17169259743060195,0.12487213698192229,7.122150000000004,0.0,0.7965845756922767,0.7771739130434783,0.8233695652173914,0.0,5,1,0.27922709873574625
collective_constitutive,repair,2001,1,0,0.8318291197882602,0.1844633222900698,0.09733146346572547,9.933525,0.0,0.8066737769442966,0.6086956521739131,0.7038043478260869,0.0,7,1,0.20166566547569642
collective_constitutive,repair,2002,1,0,0.853773839566442,0.1819323131938283,0.13209648291440354,8.246700000000004,0.0,0.8427720574348929,0.6630434782608695,0.7391304347826086,1.0,7,1,0.18393557801102423
collective_constitutive,repair,2003,0,0,0.8351180559242211,0.17700220147716775,0.14330375135383958,10.308374999999998,7.244962779105445,0.3453383074150526,0.6168478260869565,0.7309782608695652,1.0,5,0,0.10579036008059584
collective_constitutive,repair,2004,1,0,0.8938833597788384,0.14508963268132563,0.11518900031434949,4.873050000000002,0.0,0.8072080026916116,0.5597826086956522,0.6766304347826086,1.0,9,1,0.2236611475014305
collective_constitutive,repair,2005,1,0,0.8342832743811374,0.20150069074633215,0.12531844541134238,8.621550000000001,0.0,0.7955188027812666,0.6182065217391305,0.7581521739130435,0.0,5,1,0.14200872193076852
collective_constitutive,repair,2006,1,0,0.9085288928838009,0.1372238471453247,0.1259662267595012,5.247900000000002,0.0,0.9059661197819433,0.779891304347826,0.8179347826086957,0.0,8,1,0.09939731072555258
collective_constitutive,repair,2007,1,0,0.845879250908201,0.1908334088651294,0.12565179871472223,8.246700000000004,0.0,0.8144249024308912,0.6453804347826086,0.7608695652173914,1.0,7,1,0.11697174890157924
collective_constitutive,repair,2008,1,0,0.8286357802603,0.19377283398424439,0.10913223661831455,9.558675000000001,0.0,0.7937836262478725,0.6182065217391305,0.7255434782608695,1.0,8,1,0.15073009975004314
collective_constitutive,repair,2009,1,0,0.8528547200475887,0.16540088848303638,0.1227010143629456,7.497000000000004,0.0,0.778586233825076,0.7554347826086957,0.779891304347826,1.0,6,1,0.2622888060175703
collective_constitutive,repair,2010,1,0,0.8358191546653785,0.16397999668970045,0.16469224356886378,8.246700000000004,0.0,0.7611593340176531,0.7717391304347826,0.8206521739130435,1.0,7,1,0.209302009301503
collective_constitutive,repair,2011,1,0,0.8297455161648994,0.18882549567629917,0.14950136198045283,9.371250000000005,0.0,0.8023320395899256,0.6657608695652174,0.75,0.0,5,1,0.11890095540592571
collective_constitutive,repair,2012,1,0,0.7996812814568877,0.22107647203028066,0.11183851711821244,11.058075000000002,0.0,0.7741163528533732,0.6494565217391305,0.7527173913043478,1.0,8,1,0.14645210224159133
collective_constitutive,repair,2013,1,0,0.8703525723446714,0.16634605412603762,0.1241553575677818,6.5598750000000035,0.0,0.8119266566731991,0.4701086956521739,0.6766304347826086,1.0,9,1,0.20377231111048344
collective_constitutive,repair,2014,1,0,0.8929644386613834,0.13818018431761447,0.1406942534210896,5.435325000000002,0.0,0.8352776300414317,0.7160326086956522,0.779891304347826,1.0,10,1,0.2235892679286552
collective_constitutive,repair,2015,1,0,0.8268104666005612,0.22233898443578207,0.10823292157007068,10.308375000000003,0.0,0.873579582173697,0.5529891304347826,0.7146739130434783,0.0,10,1,0.10269570785197102
collective_constitutive,repair,2016,1,0,0.7791731867197904,0.24356707849324766,0.13403037054087288,12.932325,0.0,0.8071749619829284,0.782608695652174,0.8342391304347826,0.0,7,1,0.1351524132718045
collective_constitutive,repair,2017,1,0,0.8816740009594181,0.1703362206531977,0.12336257494259573,6.5598750000000035,0.0,0.8769970139196885,0.7703804347826086,0.8858695652173914,1.0,9,1,0.11675602386916839
collective_constitutive,repair,2018,1,0,0.8659779500164569,0.15280795785277532,0.1516493814130433,7.6844250000000045,0.0,0.8449253949407074,0.4633152173913043,0.6467391304347826,1.0,8,1,0.14829836914197614
collective_constitutive,repair,2019,0,0,0.7636373500686113,0.24385255432583366,0.1153246717142773,14.61914999999999,9.700837044993708,0.23781151884962937,0.8097826086956522,0.8641304347826086,1.0,4,0,0.08970963023871925
collective_constitutive,reconfigure,2000,1,0,0.7510132492275946,0.2670975490425028,0.3033733774162956,12.7449,0.0,0.855683985425953,0.6114130434782609,0.7146739130434783,0.0,1,1,0.6499982539803129
collective_constitutive,reconfigure,2001,1,0,0.8472945474938326,0.14693264725689947,0.22206050127262375,7.871850000000005,0.0,0.8321122382758598,0.6331521739130435,0.7391304347826086,1.0,1,1,0.7494468657025898
collective_constitutive,reconfigure,2002,1,0,0.8396843863165566,0.1582819815939979,0.23389631198523064,8.621550000000003,0.0,0.9095126935205716,0.5081521739130435,0.6304347826086957,0.0,1,1,0.7275973942432672
collective_constitutive,reconfigure,2003,1,0,0.7784692297626112,0.22525690396857284,0.21784172478262878,11.995199999999993,0.0,0.8172155034705779,0.6725543478260869,0.75,1.0,1,1,0.6781539067476902
collective_constitutive,reconfigure,2004,1,0,0.7857539811013563,0.2649600964408226,0.24593238909634316,9.933525000000001,0.0,0.8311316480211592,0.5801630434782609,0.6793478260869565,0.0,1,1,0.6906066886801857
collective_constitutive,reconfigure,2005,1,0,0.852728759955539,0.18875244202649977,0.2000361751521774,7.497000000000004,0.0,0.8680913564041892,0.6630434782608695,0.7309782608695652,0.0,1,1,0.7468020146710992
collective_constitutive,reconfigure,2006,1,0,0.8489954060499446,0.1617734419101799,0.20372233721585523,7.6844250000000045,0.0,0.8732416354013499,0.6589673913043478,0.7309782608695652,1.0,1,1,0.737515915860379
collective_constitutive,reconfigure,2007,1,0,0.8134490292007737,0.195405921794023,0.23913746568806604,9.933525000000003,0.0,0.8966553696425594,0.6100543478260869,0.720108695652174,0.0,1,1,0.7019791761510863
collective_constitutive,reconfigure,2008,1,0,0.8647240067794563,0.14864187830848472,0.18981391622907987,6.747300000000004,0.0,0.8195114167858294,0.5067934782608695,0.6385869565217391,1.0,1,1,0.7590203677345021
collective_constitutive,reconfigure,2009,1,0,0.8615794064407737,0.15511596114757709,0.15304086095128544,8.059275000000003,0.0,0.8828531866049737,0.6616847826086957,0.7391304347826086,0.0,1,1,0.7491569077918069
collective_constitutive,reconfigure,2010,1,0,0.9241532865976837,0.10208277486020467,0.1428918413588597,3.3736500000000005,0.0,0.8486562502006476,0.6630434782608695,0.75,0.0,1,1,0.8288581488836123
collective_constitutive,reconfigure,2011,1,0,0.8243917653213049,0.1824580395435869,0.19642666909130022,9.558675,0.0,0.8701178362248334,0.7214673913043478,0.8125,1.0,1,1,0.7187119822529269
collective_constitutive,reconfigure,2012,1,0,0.7657605255267719,0.26820200918188675,0.21909996713252453,11.432925000000001,0.0,0.7867524758815387,0.7336956521739131,0.8342391304347826,1.0,1,1,0.6744486928406705
collective_constitutive,reconfigure,2013,1,0,0.8329037780744658,0.1856899670047904,0.28526588090615684,8.059275000000005,0.0,0.9104106802743727,0.6304347826086957,0.7690217391304348,1.0,1,1,0.725308528161222
collective_constitutive,reconfigure,2014,1,0,0.7822945029392607,0.25666716832934894,0.23579877140479186,10.683224999999998,0.0,0.8740887845115514,0.6508152173913043,0.717391304347826,0.0,1,1,0.6716183900052785
collective_constitutive,reconfigure,2015,1,0,0.8844945660396087,0.161400019434604,0.1395310764900309,5.622750000000003,0.0,0.8780528963801187,0.5529891304347826,0.6684782608695652,1.0,1,1,0.7812901041451401
collective_constitutive,reconfigure,2016,1,0,0.8357225331523569,0.17619223536351042,0.1941009446019829,8.621550000000003,0.0,0.8139446687790935,0.7663043478260869,0.8206521739130435,1.0,1,1,0.7309786563010144
collective_constitutive,reconfigure,2017,1,0,0.8461981259341851,0.17664770573009586,0.12969061164499462,8.996400000000003,0.0,0.8462567675657978,0.626358695652174,0.720108695652174,0.0,1,1,0.750106731229636
collective_constitutive,reconfigure,2018,1,0,0.8489908160984003,0.1794704211971205,0.183242419526582,8.434125000000002,0.0,0.8843211945936581,0.7214673913043478,0.7663043478260869,1.0,1,1,0.7427897257073164
collective_constitutive,reconfigure,2019,1,0,0.8455316023935078,0.1794868137922774,0.1598801904484002,7.871850000000006,0.0,0.8383601884427528,0.6086956521739131,0.7309782608695652,0.0,1,1,0.755711015739067
collective_diagnostic,assemble,2000,0,0,0.7897760817553384,0.20602724993681534,0.13136309500734275,13.119749999999993,10.881017143161733,0.20576889892162722,0.5190217391304348,0.6358695652173914,0.0,7,0,0.1906172567085782
collective_diagnostic,assemble,2001,0,0,0.7890043758924592,0.22519950681022705,0.1349504375058197,13.11975,8.635319621772133,0.2827536537080425,0.5040760869565217,0.6331521739130435,0.0,5,0,0.1517141452604951
collective_diagnostic,assemble,2002,0,0,0.4417968946112354,0.6824660314037414,0.20849075882125734,26.23949999999997,21.069174654952672,0.0614668273169911,0.6195652173913043,0.6875,0.0,5,0,-0.22127801480133358
collective_diagnostic,assemble,2003,0,0,0.8339434904251226,0.19496383596064928,0.1416891124975131,9.37125,8.376235298468025,0.2900633871349295,0.3695652173913043,0.6005434782608695,0.0,5,0,0.21521735985369994
collective_diagnostic,assemble,2004,0,0,0.8115234805406116,0.1966860510830319,0.15382093841482916,11.620349999999998,9.362754569557993,0.25930355596366805,0.5122282608695652,0.6141304347826086,0.0,6,0,0.14600040320464525
collective_diagnostic,assemble,2005,0,0,0.7558171671645962,0.3269671101746266,0.16221466974419116,11.995200000000004,17.964179438760205,0.08989132928222604,0.5774456521739131,0.657608695652174,0.0,6,0,0.06262875285981806
collective_diagnostic,assemble,2006,0,0,0.666408092072401,0.37704157746755174,0.1328354530299935,19.679624999999994,20.35020886905672,0.0657224135609051,0.4782608695652174,0.6059782608695652,1.0,5,0,-0.028174306284748263
collective_diagnostic,assemble,2007,0,0,0.8468934648684118,0.1920095893171146,0.11440596456010164,8.246700000000004,9.794294929701811,0.23975335243924664,0.5,0.6358695652173914,0.0,4,0,0.2646071445166135
collective_diagnostic,assemble,2008,0,0,0.755063991280406,0.23439424282858998,0.17063576708808112,14.619149999999994,10.737276555647973,0.2020081129008218,0.6426630434782609,0.75,0.0,5,0,0.12281695704320195
collective_diagnostic,assemble,2009,0,0,0.8669675106085949,0.1386725568189701,0.1386115399387944,7.309575000000003,6.425470669832464,0.36124403808051125,0.6195652173913043,0.7309782608695652,1.0,7,0,0.24305388885005563
collective_diagnostic,assemble,2010,0,0,0.8412349192323122,0.16385422920781473,0.17271550735692867,8.434125000000002,8.903869278292847,0.26065584675148595,0.5407608695652174,0.6358695652173914,1.0,4,0,0.19027373194402153
collective_diagnostic,assemble,2011,0,0,0.7928729818541883,0.21807998867584497,0.16273849829052114,12.370049999999999,16.881779323275254,0.09931099780348077,0.6616847826086957,0.75,1.0,6,0,0.14798152688203503
collective_diagnostic,assemble,2012,0,0,0.66138390209975,0.4180305644187219,0.1327926725875434,16.868250000000003,17.985333720001563,0.08468813837642016,0.688858695652174,0.7554347826086957,1.0,6,0,0.03444334182532227
collective_diagnostic,assemble,2013,0,0,0.7125037983312801,0.2927419175000292,0.1753514585435839,18.180225,18.27998040405072,0.0846854729634276,0.5665760869565217,0.6440217391304348,0.0,6,0,0.03325448751067195
collective_diagnostic,assemble,2014,0,0,0.6574669842364013,0.471616436891673,0.16012712024543732,12.932325000000006,18.292640223865188,0.08095581210669073,0.6059782608695652,0.6820652173913043,0.0,6,0,0.03545111900316833
collective_diagnostic,assemble,2015,0,0,0.8465471738219771,0.1827914765930771,0.12833310307506066,8.246700000000002,6.970340634185172,0.33780094703199465,0.6480978260869565,0.7472826086956522,0.0,3,0,0.2309080906153127
collective_diagnostic,assemble,2016,0,0,0.8204105696852784,0.17958198772619144,0.15292569287918734,10.308375000000002,10.836778402786573,0.2043568337005373,0.7065217391304348,0.7853260869565217,0.0,4,0,0.18973581366056347
collective_diagnostic,assemble,2017,0,0,0.8735575173476614,0.1622826149308122,0.15745247442233734,6.372450000000003,8.265577371764067,0.29574396235245715,0.626358695652174,0.7961956521739131,1.0,4,0,0.1778012788322425
collective_diagnostic,assemble,2018,0,0,0.6151444596187898,0.4732441722242306,0.15749555772257398,17.992800000000003,17.899085059436587,0.08334456347300065,0.5135869565217391,0.5543478260869565,0.0,6,0,-0.08397567081332658
collective_diagnostic,assemble,2019,0,0,0.8425911063376085,0.18615260201265368,0.1349023457262675,9.7461,8.380048891398065,0.30770682787247866,0.49184782608695654,0.6521739130434783,1.0,6,0,0.0850470922404073
collective_diagnostic,repair,2000,0,0,0.8345978141990126,0.18529847593473917,0.1381920419728145,8.996400000000005,11.154975790732438,0.1975439979660969,0.7269021739130435,0.7690217391304348,0.0,4,0,0.25458332877461487
collective_diagnostic,repair,2001,0,0,0.8049844099557961,0.2152818720535504,0.09979342529521902,11.620349999999998,10.662662556730211,0.21274335332424119,0.6059782608695652,0.7309782608695652,0.0,4,0,0.1748209556432323
collective_diagnostic,repair,2002,0,0,0.8534141943572934,0.18219220973627723,0.13454691537653138,8.246700000000004,7.983083575241724,0.3106948000541467,0.6684782608695652,0.7445652173913043,1.0,6,0,0.18357593280187556
collective_diagnostic,repair,2003,0,0,0.8351180559242211,0.17700220147716775,0.14330375135383958,10.308374999999998,7.244962779105445,0.3453383074150526,0.6168478260869565,0.7309782608695652,1.0,5,0,0.10579036008059584
collective_diagnostic,repair,2004,0,0,0.8765941874107724,0.15685495111360176,0.11721107632314401,6.185025000000003,7.869129627853264,0.30185301078869387,0.421195652173913,0.5516304347826086,1.0,8,0,0.20637197513336458
collective_diagnostic,repair,2005,0,0,0.8164701680541018,0.2042360887732944,0.12714740768270263,10.308374999999998,6.483514925444725,0.35373750198282045,0.4891304347826087,0.6440217391304348,0.0,4,0,0.12419561560373293
collective_diagnostic,repair,2006,0,0,0.8712484958192609,0.15970309332933236,0.1372734927985714,8.059275000000005,7.515931017515034,0.35407562942897497,0.7010869565217391,0.75,0.0,6,0,0.062116913661012574
collective_diagnostic,repair,2007,0,0,0.7994573578488887,0.24352571782212717,0.12420730354707131,11.058074999999995,10.852185718136024,0.20975894872483467,0.6902173913043478,0.7744565217391305,0.0,6,0,0.07054985584226692
collective_diagnostic,repair,2008,0,0,0.8042817330585074,0.2191175271051758,0.10079217514181962,11.245500000000003,7.730047883135866,0.30203863138713594,0.65625,0.7472826086956522,1.0,5,0,0.12637605254825046
collective_diagnostic,repair,2009,0,0,0.8467551359433179,0.1654703611840378,0.12597731778579294,8.059275000000005,6.536438997162461,0.34392543656179403,0.75,0.7771739130434783,0.0,5,0,0.2561892219132995
collective_diagnostic,repair,2010,0,0,0.8185097861804801,0.1789419605582222,0.1650102793620633,9.558675000000001,10.03624283274421,0.21709007430614938,0.7364130434782609,0.8043478260869565,1.0,5,0,0.1919926408166046
collective_diagnostic,repair,2011,0,0,0.8077573068030913,0.2003217902298398,0.16319971203835212,11.058075,11.408686017043646,0.19275824449156756,0.6766304347826086,0.7554347826086957,1.0,6,0,0.09691274604411759
collective_diagnostic,repair,2012,0,0,0.7782784572736761,0.24455493902319647,0.11581701923142501,12.37005,9.19139165194599,0.24537759605322934,0.5679347826086957,0.6711956521739131,0.0,7,0,0.12504927805837973
collective_diagnostic,repair,2013,0,0,0.8330998254078583,0.19261666699834532,0.12872853169292942,9.371250000000002,11.330256959260888,0.196985060705555,0.4782608695652174,0.6847826086956522,0.0,7,0,0.1665195641736703
collective_diagnostic,repair,2014,0,0,0.861807587354611,0.14970582124568874,0.14564817493364285,8.059275000000005,8.156378310088582,0.30133327311801783,0.6671195652173914,0.7364130434782609,0.0,4,0,0.19243241662188282
collective_diagnostic,repair,2015,0,0,0.7999889915084614,0.2379393925418574,0.11759312964420247,12.370049999999999,10.96608488855558,0.22181387328701274,0.5122282608695652,0.7228260869565217,0.0,7,0,0.07587423275987115
collective_diagnostic,repair,2016,0,0,0.7731980598268239,0.24069743488651385,0.1347103490235291,13.682025000000001,7.90788457619033,0.300381964011301,0.7758152173913043,0.8315217391304348,0.0,6,0,0.12917728637883796
collective_diagnostic,repair,2017,0,0,0.8641855870103853,0.18254667513422246,0.14028920594174146,7.6844250000000045,6.185949969081157,0.4047460532181565,0.7554347826086957,0.875,1.0,6,0,0.09926760992013561
collective_diagnostic,repair,2018,0,0,0.8467840064775353,0.18019062637825992,0.1503301159716341,8.808975000000002,10.226610311440314,0.23531429462330322,0.48233695652173914,0.6657608695652174,0.0,5,0,0.12910442560305446
collective_diagnostic,repair,2019,0,0,0.7636373500686113,0.24385255432583366,0.1153246717142773,14.61914999999999,9.700837044993708,0.23781151884962937,0.8097826086956522,0.8641304347826086,1.0,4,0,0.08970963023871925
collective_diagnostic,reconfigure,2000,0,0,0.7146879823159493,0.2539559711630714,0.25056590124102485,11.995199999999999,0.0,0.5394474453126652,0.7445652173913043,0.8369565217391305,1.0,1,0,0.5968371545274539
collective_diagnostic,reconfigure,2001,0,0,0.7930875139551562,0.14590564186557878,0.19087526504867966,7.309575000000004,0.0,0.4992201381405197,0.7771739130434783,0.8478260869565217,1.0,1,0,0.6789318851987063
collective_diagnostic,reconfigure,2002,0,0,0.768872522102363,0.1592889413309277,0.21088062326122384,7.871850000000004,0.0,0.48451269352057136,0.6671195652173914,0.7744565217391305,0.0,1,0,0.6381043646835253
collective_diagnostic,reconfigure,2003,0,0,0.7073748157383257,0.20979176209777545,0.19949057102168305,11.620349999999993,0.0,0.4400753104253904,0.71875,0.7961956521739131,1.0,1,0,0.5903402722209178
collective_diagnostic,reconfigure,2004,0,0,0.7430140473653742,0.24429533313150192,0.22508671608128422,10.120949999999999,0.0,0.5246250453770338,0.6589673913043478,0.7336956521739131,0.0,1,0,0.6320088728740085
collective_diagnostic,reconfigure,2005,0,0,0.7975018255514428,0.17476289245586765,0.1789295693736134,7.309575000000004,0.0,0.5318559596267242,0.6616847826086957,0.7472826086956522,0.0,1,0,0.6739206227195963
collective_diagnostic,reconfigure,2006,0,0,0.7707327480236473,0.15008410241785294,0.18994946442110036,7.497000000000004,0.0,0.44824163540135037,0.7160326086956522,0.7608695652173914,1.0,1,0,0.6406733428024874
collective_diagnostic,reconfigure,2007,0,0,0.751182342780661,0.17366732994644665,0.22226261151832438,9.558675000000001,0.0,0.4768633131225393,0.7554347826086957,0.8152173913043478,1.0,1,0,0.6211341808893589
collective_diagnostic,reconfigure,2008,0,0,0.8243520113061482,0.13679211568941108,0.17048959833373248,5.810175000000003,0.0,0.5255425276042904,0.5258152173913043,0.6983695652173914,1.0,1,0,0.701031099087035
collective_diagnostic,reconfigure,2009,0,0,0.7977362730434312,0.15813197721585032,0.15160719693761138,7.309575000000004,0.0,0.4927317747271527,0.7703804347826086,0.8288043478260869,0.0,1,0,0.6665766912863031
collective_diagnostic,reconfigure,2010,0,0,0.8577586210936494,0.10234797016358217,0.13492746092983718,3.186225000000001,0.0,0.49970493304572977,0.7350543478260869,0.8097826086956522,0.0,1,0,0.7465809604272328
collective_diagnostic,reconfigure,2011,0,0,0.755984291843024,0.1731488120300366,0.18110710861196835,8.621550000000003,0.0,0.4451178362248331,0.7622282608695652,0.8288043478260869,1.0,1,0,0.6326912115965829
collective_diagnostic,reconfigure,2012,0,0,0.7006537061678906,0.270471379406648,0.20912579202440978,11.058075000000002,0.0,0.45381400483485984,0.7649456521739131,0.8505434782608695,0.0,1,0,0.5941232347007724
collective_diagnostic,reconfigure,2013,0,0,0.7854043567024285,0.16859478143774143,0.23619890731416285,7.122150000000004,0.0,0.4936563692652893,0.5516304347826086,0.6875,1.0,1,0,0.6598765651369773
collective_diagnostic,reconfigure,2014,0,0,0.7238217854686131,0.22466938447221077,0.21222875098359534,10.308375,0.0,0.4490887845115514,0.6997282608695652,0.7581521739130435,1.0,1,0,0.5946996537123004
collective_diagnostic,reconfigure,2015,0,0,0.7986010181765437,0.15977865128633412,0.14131647629456348,5.060475000000002,0.0,0.46558938817928497,0.7350543478260869,0.8152173913043478,1.0,1,0,0.678195812632997
collective_diagnostic,reconfigure,2016,0,0,0.7749425553186328,0.15896745476360236,0.16923228745930466,7.122150000000004,0.0,0.468363259795902,0.7989130434782609,0.8478260869565217,1.0,1,0,0.6527413656587332
collective_diagnostic,reconfigure,2017,0,0,0.7787226174847182,0.1689726346822563,0.12234140734901731,8.434125000000002,0.0,0.5031241586527991,0.5557065217391305,0.7391304347826086,0.0,1,0,0.6666159903294109
collective_diagnostic,reconfigure,2018,0,0,0.7808580924816466,0.18601113691989699,0.16580466996799612,8.246700000000004,0.0,0.4840712609789809,0.7051630434782609,0.7663043478260869,1.0,1,0,0.6569568203587154
collective_diagnostic,reconfigure,2019,0,0,0.7669060252789078,0.18178298936858536,0.15868332652894088,7.871850000000006,0.0,0.44383534676234965,0.7010869565217391,0.8016304347826086,0.0,1,0,0.6621153408487268
individual_constitutive,assemble,2000,0,0,0.7895053862220502,0.2068526008673667,0.1313786061049689,13.119749999999993,10.881017143161733,0.20576889892162722,0.5516304347826086,0.6467391304347826,0.0,1,0,0.19034656117529003
individual_constitutive,assemble,2001,1,0,0.8283205975709809,0.19332468915227774,0.1400241771976017,10.120950000000002,0.0,0.8321319231072161,0.6141304347826086,0.7146739130434783,0.0,3,1,0.19103036693901676
individual_constitutive,assemble,2002,0,0,0.8020472809602217,0.20479318472679053,0.11552952727486875,13.119749999999994,10.02554834177332,0.24443536672982866,0.6820652173913043,0.7146739130434783,0.0,4,1,0.13897237154765274
individual_constitutive,assemble,2003,1,0,0.86763747720741,0.16472775800079603,0.12879777733786058,7.122150000000003,0.0,0.8264412961791272,0.5122282608695652,0.6195652173913043,1.0,2,1,0.24891134663598735
individual_constitutive,assemble,2004,0,0,0.8115234805406116,0.1966860510830319,0.15382093841482916,11.620349999999998,9.362754569557993,0.25930355596366805,0.5122282608695652,0.6141304347826086,0.0,0,0,0.14600040320464525
individual_constitutive,assemble,2005,0,0,0.7558171671645962,0.3269671101746266,0.16221466974419116,11.995200000000004,17.964179438760205,0.08989132928222604,0.5774456521739131,0.657608695652174,0.0,0,0,0.06262875285981806
individual_constitutive,assemble,2006,0,0,0.6660167968775204,0.3780018583838446,0.1317946734427684,19.679624999999998,20.35020886905672,0.0657224135609051,0.48641304347826086,0.5978260869565217,1.0,0,0,-0.028565601479628944
individual_constitutive,assemble,2007,1,0,0.8930768565127726,0.15552284928568771,0.09339863779931785,5.060475000000002,0.0,0.8155784066566176,0.5720108695652174,0.6820652173913043,0.0,2,1,0.3107905361609743
individual_constitutive,assemble,2008,0,0,0.755063991280406,0.23439424282858998,0.17063576708808112,14.619149999999994,10.737276555647973,0.2020081129008218,0.6426630434782609,0.75,0.0,0,0,0.12281695704320195
individual_constitutive,assemble,2009,0,0,0.8669675106085949,0.1386725568189701,0.1386115399387944,7.309575000000003,6.425470669832464,0.36124403808051125,0.6195652173913043,0.7309782608695652,1.0,0,0,0.24305388885005563
individual_constitutive,assemble,2010,1,0,0.8821276998086324,0.13744363558559994,0.15094703042397034,5.4353250000000015,0.0,0.7932866265568723,0.6086956521739131,0.7554347826086957,0.0,3,1,0.2311665125203417
individual_constitutive,assemble,2011,0,0,0.7928729818541883,0.21807998867584497,0.16273849829052114,12.370049999999999,16.881779323275254,0.09931099780348077,0.6616847826086957,0.75,1.0,1,0,0.14798152688203503
individual_constitutive,assemble,2012,0,0,0.6604945566322402,0.41578183069927743,0.13991745761089733,17.055675000000004,17.985333720001563,0.08468813837642016,0.6372282608695652,0.7065217391304348,1.0,1,0,0.03355399635781253
individual_constitutive,assemble,2013,0,0,0.7139459443833909,0.292092842735856,0.16572060996484983,18.180225000000004,18.27998040405072,0.0846854729634276,0.5964673913043478,0.6603260869565217,0.0,0,0,0.03469663356278274
individual_constitutive,assemble,2014,0,0,0.6574669842364013,0.471616436891673,0.16012712024543732,12.932325000000006,18.292640223865188,0.08095581210669073,0.6059782608695652,0.6820652173913043,0.0,0,0,0.03545111900316833
individual_constitutive,assemble,2015,0,0,0.8465471738219771,0.1827914765930771,0.12833310307506066,8.246700000000002,6.970340634185172,0.33780094703199465,0.6480978260869565,0.7472826086956522,0.0,0,0,0.2309080906153127
individual_constitutive,assemble,2016,0,0,0.819983269391143,0.18012638702477246,0.1550372961994702,10.308375,10.836778402786573,0.2043568337005373,0.6983695652173914,0.779891304347826,0.0,1,0,0.18930851336642807
individual_constitutive,assemble,2017,0,0,0.8735575173476614,0.1622826149308122,0.15745247442233734,6.372450000000003,8.265577371764067,0.29574396235245715,0.626358695652174,0.7961956521739131,1.0,0,0,0.1778012788322425
individual_constitutive,assemble,2018,0,0,0.6176777401520493,0.4740403303423066,0.1551560867589845,17.617950000000008,17.899085059436587,0.08334456347300065,0.5244565217391305,0.5597826086956522,0.0,0,0,-0.08144239028006706
individual_constitutive,assemble,2019,1,0,0.8868706297850226,0.14812703181208067,0.13287489863740853,6.5598750000000035,0.0,0.8771285698752374,0.5135869565217391,0.6304347826086957,1.0,2,1,0.12932661568782144
individual_constitutive,repair,2000,1,0,0.859241584160144,0.17169259743060195,0.12487213698192229,7.122150000000004,0.0,0.7965845756922767,0.7771739130434783,0.8233695652173914,0.0,4,1,0.27922709873574625
individual_constitutive,repair,2001,0,0,0.8049844099557961,0.2152818720535504,0.09979342529521902,11.620349999999998,10.662662556730211,0.21274335332424119,0.6059782608695652,0.7309782608695652,0.0,0,0,0.1748209556432323
individual_constitutive,repair,2002,0,0,0.8538087696804162,0.18198365222974844,0.1316445633801528,8.246700000000004,7.983083575241724,0.3106948000541467,0.7065217391304348,0.7934782608695652,1.0,1,0,0.18397050812499838
individual_constitutive,repair,2003,0,0,0.8351180559242211,0.17700220147716775,0.14330375135383958,10.308374999999998,7.244962779105445,0.3453383074150526,0.6168478260869565,0.7309782608695652,1.0,0,0,0.10579036008059584
individual_constitutive,repair,2004,1,0,0.8967468919860598,0.1391111285955116,0.12152443690688687,4.685625000000002,0.0,0.8072080026916116,0.595108695652174,0.7146739130434783,1.0,2,1,0.22652467970865198
individual_constitutive,repair,2005,1,0,0.8342832743811374,0.20150069074633215,0.12531844541134238,8.621550000000001,0.0,0.7955188027812666,0.6182065217391305,0.7581521739130435,0.0,3,1,0.14200872193076852
individual_constitutive,repair,2006,0,0,0.8712484958192609,0.15970309332933236,0.1372734927985714,8.059275000000005,7.515931017515034,0.35407562942897497,0.7010869565217391,0.75,0.0,0,0,0.062116913661012574
individual_constitutive,repair,2007,0,0,0.7994573578488887,0.24352571782212717,0.12420730354707131,11.058074999999995,10.852185718136024,0.20975894872483467,0.6902173913043478,0.7744565217391305,0.0,1,0,0.07054985584226692
individual_constitutive,repair,2008,0,0,0.8042817330585074,0.2191175271051758,0.10079217514181962,11.245500000000003,7.730047883135866,0.30203863138713594,0.65625,0.7472826086956522,1.0,0,0,0.12637605254825046
individual_constitutive,repair,2009,0,0,0.8459874333084091,0.1667077693633219,0.1298549519216678,8.059275000000005,6.536438997162461,0.34392543656179403,0.75,0.7771739130434783,0.0,1,0,0.25542151927839074
individual_constitutive,repair,2010,0,0,0.8183802818795121,0.17954847432413437,0.16465113965067266,9.558675000000001,10.03624283274421,0.21709007430614938,0.6766304347826086,0.7364130434782609,1.0,1,0,0.19186313651563658
individual_constitutive,repair,2011,0,0,0.8067920491207117,0.205330320808725,0.1579939957047738,11.058074999999999,11.408686017043646,0.19275824449156756,0.7051630434782609,0.7880434782608695,1.0,0,0,0.09594748836173794
individual_constitutive,repair,2012,0,0,0.7790971059352031,0.24173479865855055,0.11854853825788271,12.37005,9.19139165194599,0.24537759605322934,0.5625,0.654891304347826,0.0,0,0,0.12586792671990676
individual_constitutive,repair,2013,0,0,0.8349317464257642,0.1923868240059214,0.12981987905972975,9.183825000000002,11.330256959260888,0.196985060705555,0.4782608695652174,0.7119565217391305,0.0,1,0,0.16835148519157617
individual_constitutive,repair,2014,0,0,0.861807587354611,0.14970582124568874,0.14564817493364285,8.059275000000005,8.156378310088582,0.30133327311801783,0.6671195652173914,0.7364130434782609,0.0,0,0,0.19243241662188282
individual_constitutive,repair,2015,0,0,0.8011050153643519,0.23926276955849046,0.11947867471964464,12.182624999999998,10.96608488855558,0.22181387328701274,0.5122282608695652,0.7228260869565217,0.0,0,0,0.07699025661576164
individual_constitutive,repair,2016,0,0,0.7731980598268239,0.24069743488651385,0.1347103490235291,13.682025000000001,7.90788457619033,0.300381964011301,0.7758152173913043,0.8315217391304348,0.0,1,0,0.12917728637883796
individual_constitutive,repair,2017,0,0,0.8641855870103853,0.18254667513422246,0.14028920594174146,7.6844250000000045,6.185949969081157,0.4047460532181565,0.7554347826086957,0.875,1.0,1,0,0.09926760992013561
individual_constitutive,repair,2018,0,0,0.8467840064775353,0.18019062637825992,0.1503301159716341,8.808975000000002,10.226610311440314,0.23531429462330322,0.48233695652173914,0.6657608695652174,0.0,1,0,0.12910442560305446
individual_constitutive,repair,2019,0,0,0.7636565503809326,0.24409470075364403,0.11407534659737197,14.61914999999999,9.700837044993708,0.23781151884962937,0.8070652173913043,0.8614130434782609,0.0,1,0,0.08972883055104053
individual_constitutive,reconfigure,2000,1,0,0.7511984692748969,0.2670130816759498,0.30270851166723123,12.7449,0.0,0.855683985425953,0.6114130434782609,0.7146739130434783,0.0,1,1,0.6501834740276151
individual_constitutive,reconfigure,2001,0,0,0.7930875139551562,0.14590564186557878,0.19087526504867966,7.309575000000004,0.0,0.4992201381405197,0.7771739130434783,0.8478260869565217,1.0,0,0,0.6789318851987063
individual_constitutive,reconfigure,2002,0,0,0.768164851557026,0.15919830696956194,0.2046260428651495,8.059275000000003,0.0,0.48451269352057136,0.6521739130434783,0.7663043478260869,0.0,0,0,0.6373966941381882
individual_constitutive,reconfigure,2003,0,0,0.7073748157383257,0.20979176209777545,0.19949057102168305,11.620349999999993,0.0,0.4400753104253904,0.71875,0.7961956521739131,1.0,0,0,0.5903402722209178
individual_constitutive,reconfigure,2004,0,0,0.748899075126793,0.23488123046134693,0.23000849890419237,9.746100000000002,0.0,0.5246250453770338,0.501358695652174,0.5733695652173914,0.0,0,0,0.6378939006354273
individual_constitutive,reconfigure,2005,1,0,0.852728759955539,0.18875244202649977,0.2000361751521774,7.497000000000004,0.0,0.8680913564041892,0.6630434782608695,0.7309782608695652,0.0,1,1,0.7468020146710992
individual_constitutive,reconfigure,2006,1,0,0.8489954060499446,0.1617734419101799,0.20372233721585523,7.6844250000000045,0.0,0.8732416354013499,0.6589673913043478,0.7309782608695652,1.0,1,1,0.737515915860379
individual_constitutive,reconfigure,2007,1,0,0.8134490292007737,0.195405921794023,0.23913746568806604,9.933525000000003,0.0,0.8966553696425594,0.6100543478260869,0.720108695652174,0.0,1,1,0.7019791761510863
individual_constitutive,reconfigure,2008,0,0,0.8240509891045721,0.13699496344537532,0.17229650822057527,5.810175000000003,0.0,0.5255425276042904,0.5149456521739131,0.6875,1.0,0,0,0.7007300768854589
individual_constitutive,reconfigure,2009,0,0,0.7977362730434312,0.15813197721585032,0.15160719693761138,7.309575000000004,0.0,0.4927317747271527,0.7703804347826086,0.8288043478260869,0.0,0,0,0.6665766912863031
individual_constitutive,reconfigure,2010,0,0,0.8577586210936494,0.10234797016358217,0.13492746092983718,3.186225000000001,0.0,0.49970493304572977,0.7350543478260869,0.8097826086956522,0.0,0,0,0.7465809604272328
individual_constitutive,reconfigure,2011,0,0,0.755984291843024,0.1731488120300366,0.18110710861196835,8.621550000000003,0.0,0.4451178362248331,0.7622282608695652,0.8288043478260869,1.0,0,0,0.6326912115965829
individual_constitutive,reconfigure,2012,0,0,0.7006537061678906,0.270471379406648,0.20912579202440978,11.058075000000002,0.0,0.45381400483485984,0.7649456521739131,0.8505434782608695,0.0,0,0,0.5941232347007724
individual_constitutive,reconfigure,2013,0,0,0.7815115989019289,0.1672300300821547,0.23054143627496512,7.6844250000000045,0.0,0.4936563692652893,0.5516304347826086,0.6875,1.0,0,0,0.6559838073364778
individual_constitutive,reconfigure,2014,0,0,0.7238217854686131,0.22466938447221077,0.21222875098359534,10.308375,0.0,0.4490887845115514,0.6997282608695652,0.7581521739130435,1.0,0,0,0.5946996537123004
individual_constitutive,reconfigure,2015,0,0,0.7986010181765437,0.15977865128633412,0.14131647629456348,5.060475000000002,0.0,0.46558938817928497,0.7350543478260869,0.8152173913043478,1.0,0,0,0.678195812632997
individual_constitutive,reconfigure,2016,1,0,0.8357225331523569,0.17619223536351042,0.1941009446019829,8.621550000000003,0.0,0.8139446687790935,0.7663043478260869,0.8206521739130435,1.0,1,1,0.7309786563010144
individual_constitutive,reconfigure,2017,1,0,0.8461981259341851,0.17664770573009586,0.12969061164499462,8.996400000000003,0.0,0.8462567675657978,0.626358695652174,0.720108695652174,0.0,1,1,0.750106731229636
individual_constitutive,reconfigure,2018,1,0,0.8489908160984003,0.1794704211971205,0.183242419526582,8.434125000000002,0.0,0.8843211945936581,0.7214673913043478,0.7663043478260869,1.0,1,1,0.7427897257073164
individual_constitutive,reconfigure,2019,1,0,0.8455316023935078,0.1794868137922774,0.1598801904484002,7.871850000000006,0.0,0.8383601884427528,0.6086956521739131,0.7309782608695652,0.0,1,1,0.755711015739067
fixed_team,assemble,2000,0,0,0.7897760817553384,0.20602724993681534,0.13136309500734275,13.119749999999993,10.881017143161733,0.20576889892162722,0.5190217391304348,0.6358695652173914,0.0,0,0,0.1906172567085782
fixed_team,assemble,2001,0,0,0.7890043758924592,0.22519950681022705,0.1349504375058197,13.11975,8.635319621772133,0.2827536537080425,0.5040760869565217,0.6331521739130435,0.0,0,0,0.1517141452604951
fixed_team,assemble,2002,0,0,0.4417968946112354,0.6824660314037414,0.20849075882125734,26.23949999999997,21.069174654952672,0.0614668273169911,0.6195652173913043,0.6875,0.0,0,0,-0.22127801480133358
fixed_team,assemble,2003,0,0,0.8339434904251226,0.19496383596064928,0.1416891124975131,9.37125,8.376235298468025,0.2900633871349295,0.3695652173913043,0.6005434782608695,0.0,0,0,0.21521735985369994
fixed_team,assemble,2004,0,0,0.8115234805406116,0.1966860510830319,0.15382093841482916,11.620349999999998,9.362754569557993,0.25930355596366805,0.5122282608695652,0.6141304347826086,0.0,0,0,0.14600040320464525
fixed_team,assemble,2005,0,0,0.7558171671645962,0.3269671101746266,0.16221466974419116,11.995200000000004,17.964179438760205,0.08989132928222604,0.5774456521739131,0.657608695652174,0.0,0,0,0.06262875285981806
fixed_team,assemble,2006,0,0,0.666408092072401,0.37704157746755174,0.1328354530299935,19.679624999999994,20.35020886905672,0.0657224135609051,0.4782608695652174,0.6059782608695652,1.0,0,0,-0.028174306284748263
fixed_team,assemble,2007,0,0,0.8468934648684118,0.1920095893171146,0.11440596456010164,8.246700000000004,9.794294929701811,0.23975335243924664,0.5,0.6358695652173914,0.0,0,0,0.2646071445166135
fixed_team,assemble,2008,0,0,0.755063991280406,0.23439424282858998,0.17063576708808112,14.619149999999994,10.737276555647973,0.2020081129008218,0.6426630434782609,0.75,0.0,0,0,0.12281695704320195
fixed_team,assemble,2009,0,0,0.8669675106085949,0.1386725568189701,0.1386115399387944,7.309575000000003,6.425470669832464,0.36124403808051125,0.6195652173913043,0.7309782608695652,1.0,0,0,0.24305388885005563
fixed_team,assemble,2010,0,0,0.8412349192323122,0.16385422920781473,0.17271550735692867,8.434125000000002,8.903869278292847,0.26065584675148595,0.5407608695652174,0.6358695652173914,1.0,0,0,0.19027373194402153
fixed_team,assemble,2011,0,0,0.7928729818541883,0.21807998867584497,0.16273849829052114,12.370049999999999,16.881779323275254,0.09931099780348077,0.6616847826086957,0.75,1.0,0,0,0.14798152688203503
fixed_team,assemble,2012,0,0,0.66138390209975,0.4180305644187219,0.1327926725875434,16.868250000000003,17.985333720001563,0.08468813837642016,0.688858695652174,0.7554347826086957,1.0,0,0,0.03444334182532227
fixed_team,assemble,2013,0,0,0.7125037983312801,0.2927419175000292,0.1753514585435839,18.180225,18.27998040405072,0.0846854729634276,0.5665760869565217,0.6440217391304348,0.0,0,0,0.03325448751067195
fixed_team,assemble,2014,0,0,0.6574669842364013,0.471616436891673,0.16012712024543732,12.932325000000006,18.292640223865188,0.08095581210669073,0.6059782608695652,0.6820652173913043,0.0,0,0,0.03545111900316833
fixed_team,assemble,2015,0,0,0.8465471738219771,0.1827914765930771,0.12833310307506066,8.246700000000002,6.970340634185172,0.33780094703199465,0.6480978260869565,0.7472826086956522,0.0,0,0,0.2309080906153127
fixed_team,assemble,2016,0,0,0.8204105696852784,0.17958198772619144,0.15292569287918734,10.308375000000002,10.836778402786573,0.2043568337005373,0.7065217391304348,0.7853260869565217,0.0,0,0,0.18973581366056347
fixed_team,assemble,2017,0,0,0.8735575173476614,0.1622826149308122,0.15745247442233734,6.372450000000003,8.265577371764067,0.29574396235245715,0.626358695652174,0.7961956521739131,1.0,0,0,0.1778012788322425
fixed_team,assemble,2018,0,0,0.6151444596187898,0.4732441722242306,0.15749555772257398,17.992800000000003,17.899085059436587,0.08334456347300065,0.5135869565217391,0.5543478260869565,0.0,0,0,-0.08397567081332658
fixed_team,assemble,2019,0,0,0.8425911063376085,0.18615260201265368,0.1349023457262675,9.7461,8.380048891398065,0.30770682787247866,0.49184782608695654,0.6521739130434783,1.0,0,0,0.0850470922404073
fixed_team,repair,2000,0,0,0.8345978141990126,0.18529847593473917,0.1381920419728145,8.996400000000005,11.154975790732438,0.1975439979660969,0.7269021739130435,0.7690217391304348,0.0,0,0,0.25458332877461487
fixed_team,repair,2001,0,0,0.8049844099557961,0.2152818720535504,0.09979342529521902,11.620349999999998,10.662662556730211,0.21274335332424119,0.6059782608695652,0.7309782608695652,0.0,0,0,0.1748209556432323
fixed_team,repair,2002,0,0,0.8534141943572934,0.18219220973627723,0.13454691537653138,8.246700000000004,7.983083575241724,0.3106948000541467,0.6684782608695652,0.7445652173913043,1.0,0,0,0.18357593280187556
fixed_team,repair,2003,0,0,0.8351180559242211,0.17700220147716775,0.14330375135383958,10.308374999999998,7.244962779105445,0.3453383074150526,0.6168478260869565,0.7309782608695652,1.0,0,0,0.10579036008059584
fixed_team,repair,2004,0,0,0.8765941874107724,0.15685495111360176,0.11721107632314401,6.185025000000003,7.869129627853264,0.30185301078869387,0.421195652173913,0.5516304347826086,1.0,0,0,0.20637197513336458
fixed_team,repair,2005,0,0,0.8164701680541018,0.2042360887732944,0.12714740768270263,10.308374999999998,6.483514925444725,0.35373750198282045,0.4891304347826087,0.6440217391304348,0.0,0,0,0.12419561560373293
fixed_team,repair,2006,0,0,0.8712484958192609,0.15970309332933236,0.1372734927985714,8.059275000000005,7.515931017515034,0.35407562942897497,0.7010869565217391,0.75,0.0,0,0,0.062116913661012574
fixed_team,repair,2007,0,0,0.7994573578488887,0.24352571782212717,0.12420730354707131,11.058074999999995,10.852185718136024,0.20975894872483467,0.6902173913043478,0.7744565217391305,0.0,0,0,0.07054985584226692
fixed_team,repair,2008,0,0,0.8042817330585074,0.2191175271051758,0.10079217514181962,11.245500000000003,7.730047883135866,0.30203863138713594,0.65625,0.7472826086956522,1.0,0,0,0.12637605254825046
fixed_team,repair,2009,0,0,0.8467551359433179,0.1654703611840378,0.12597731778579294,8.059275000000005,6.536438997162461,0.34392543656179403,0.75,0.7771739130434783,0.0,0,0,0.2561892219132995
fixed_team,repair,2010,0,0,0.8185097861804801,0.1789419605582222,0.1650102793620633,9.558675000000001,10.03624283274421,0.21709007430614938,0.7364130434782609,0.8043478260869565,1.0,0,0,0.1919926408166046
fixed_team,repair,2011,0,0,0.8077573068030913,0.2003217902298398,0.16319971203835212,11.058075,11.408686017043646,0.19275824449156756,0.6766304347826086,0.7554347826086957,1.0,0,0,0.09691274604411759
fixed_team,repair,2012,0,0,0.7782784572736761,0.24455493902319647,0.11581701923142501,12.37005,9.19139165194599,0.24537759605322934,0.5679347826086957,0.6711956521739131,0.0,0,0,0.12504927805837973
fixed_team,repair,2013,0,0,0.8330998254078583,0.19261666699834532,0.12872853169292942,9.371250000000002,11.330256959260888,0.196985060705555,0.4782608695652174,0.6847826086956522,0.0,0,0,0.1665195641736703
fixed_team,repair,2014,0,0,0.861807587354611,0.14970582124568874,0.14564817493364285,8.059275000000005,8.156378310088582,0.30133327311801783,0.6671195652173914,0.7364130434782609,0.0,0,0,0.19243241662188282
fixed_team,repair,2015,0,0,0.7999889915084614,0.2379393925418574,0.11759312964420247,12.370049999999999,10.96608488855558,0.22181387328701274,0.5122282608695652,0.7228260869565217,0.0,0,0,0.07587423275987115
fixed_team,repair,2016,0,0,0.7731980598268239,0.24069743488651385,0.1347103490235291,13.682025000000001,7.90788457619033,0.300381964011301,0.7758152173913043,0.8315217391304348,0.0,0,0,0.12917728637883796
fixed_team,repair,2017,0,0,0.8641855870103853,0.18254667513422246,0.14028920594174146,7.6844250000000045,6.185949969081157,0.4047460532181565,0.7554347826086957,0.875,1.0,0,0,0.09926760992013561
fixed_team,repair,2018,0,0,0.8467840064775353,0.18019062637825992,0.1503301159716341,8.808975000000002,10.226610311440314,0.23531429462330322,0.48233695652173914,0.6657608695652174,0.0,0,0,0.12910442560305446
fixed_team,repair,2019,0,0,0.7636373500686113,0.24385255432583366,0.1153246717142773,14.61914999999999,9.700837044993708,0.23781151884962937,0.8097826086956522,0.8641304347826086,1.0,0,0,0.08970963023871925
fixed_team,reconfigure,2000,0,0,0.7146879823159493,0.2539559711630714,0.25056590124102485,11.995199999999999,0.0,0.5394474453126652,0.7445652173913043,0.8369565217391305,1.0,0,0,0.5968371545274539
fixed_team,reconfigure,2001,0,0,0.7930875139551562,0.14590564186557878,0.19087526504867966,7.309575000000004,0.0,0.4992201381405197,0.7771739130434783,0.8478260869565217,1.0,0,0,0.6789318851987063
fixed_team,reconfigure,2002,0,0,0.768872522102363,0.1592889413309277,0.21088062326122384,7.871850000000004,0.0,0.48451269352057136,0.6671195652173914,0.7744565217391305,0.0,0,0,0.6381043646835253
fixed_team,reconfigure,2003,0,0,0.7073748157383257,0.20979176209777545,0.19949057102168305,11.620349999999993,0.0,0.4400753104253904,0.71875,0.7961956521739131,1.0,0,0,0.5903402722209178
fixed_team,reconfigure,2004,0,0,0.7430140473653742,0.24429533313150192,0.22508671608128422,10.120949999999999,0.0,0.5246250453770338,0.6589673913043478,0.7336956521739131,0.0,0,0,0.6320088728740085
fixed_team,reconfigure,2005,0,0,0.7975018255514428,0.17476289245586765,0.1789295693736134,7.309575000000004,0.0,0.5318559596267242,0.6616847826086957,0.7472826086956522,0.0,0,0,0.6739206227195963
fixed_team,reconfigure,2006,0,0,0.7707327480236473,0.15008410241785294,0.18994946442110036,7.497000000000004,0.0,0.44824163540135037,0.7160326086956522,0.7608695652173914,1.0,0,0,0.6406733428024874
fixed_team,reconfigure,2007,0,0,0.751182342780661,0.17366732994644665,0.22226261151832438,9.558675000000001,0.0,0.4768633131225393,0.7554347826086957,0.8152173913043478,1.0,0,0,0.6211341808893589
fixed_team,reconfigure,2008,0,0,0.8243520113061482,0.13679211568941108,0.17048959833373248,5.810175000000003,0.0,0.5255425276042904,0.5258152173913043,0.6983695652173914,1.0,0,0,0.701031099087035
fixed_team,reconfigure,2009,0,0,0.7977362730434312,0.15813197721585032,0.15160719693761138,7.309575000000004,0.0,0.4927317747271527,0.7703804347826086,0.8288043478260869,0.0,0,0,0.6665766912863031
fixed_team,reconfigure,2010,0,0,0.8577586210936494,0.10234797016358217,0.13492746092983718,3.186225000000001,0.0,0.49970493304572977,0.7350543478260869,0.8097826086956522,0.0,0,0,0.7465809604272328
fixed_team,reconfigure,2011,0,0,0.755984291843024,0.1731488120300366,0.18110710861196835,8.621550000000003,0.0,0.4451178362248331,0.7622282608695652,0.8288043478260869,1.0,0,0,0.6326912115965829
fixed_team,reconfigure,2012,0,0,0.7006537061678906,0.270471379406648,0.20912579202440978,11.058075000000002,0.0,0.45381400483485984,0.7649456521739131,0.8505434782608695,0.0,0,0,0.5941232347007724
fixed_team,reconfigure,2013,0,0,0.7854043567024285,0.16859478143774143,0.23619890731416285,7.122150000000004,0.0,0.4936563692652893,0.5516304347826086,0.6875,1.0,0,0,0.6598765651369773
fixed_team,reconfigure,2014,0,0,0.7238217854686131,0.22466938447221077,0.21222875098359534,10.308375,0.0,0.4490887845115514,0.6997282608695652,0.7581521739130435,1.0,0,0,0.5946996537123004
fixed_team,reconfigure,2015,0,0,0.7986010181765437,0.15977865128633412,0.14131647629456348,5.060475000000002,0.0,0.46558938817928497,0.7350543478260869,0.8152173913043478,1.0,0,0,0.678195812632997
fixed_team,reconfigure,2016,0,0,0.7749425553186328,0.15896745476360236,0.16923228745930466,7.122150000000004,0.0,0.468363259795902,0.7989130434782609,0.8478260869565217,1.0,0,0,0.6527413656587332
fixed_team,reconfigure,2017,0,0,0.7787226174847182,0.1689726346822563,0.12234140734901731,8.434125000000002,0.0,0.5031241586527991,0.5557065217391305,0.7391304347826086,0.0,0,0,0.6666159903294109
fixed_team,reconfigure,2018,0,0,0.7808580924816466,0.18601113691989699,0.16580466996799612,8.246700000000004,0.0,0.4840712609789809,0.7051630434782609,0.7663043478260869,1.0,0,0,0.6569568203587154
fixed_team,reconfigure,2019,0,0,0.7669060252789078,0.18178298936858536,0.15868332652894088,7.871850000000006,0.0,0.44383534676234965,0.7010869565217391,0.8016304347826086,0.0,0,0,0.6621153408487268
communication_only,assemble,2000,0,0,0.7608154708426957,0.11834076362728899,0.1179528823091922,18.742499999999996,10.881017143161733,0.20576889892162722,0.5027173913043478,0.6820652173913043,0.0,0,0,0.16165664579593553
communication_only,assemble,2001,0,0,0.7643725644946953,0.11670420074934013,0.12802503251852057,18.929924999999994,8.635319621772133,0.2827536537080425,0.529891304347826,0.6521739130434783,1.0,0,0,0.12708233386273116
communication_only,assemble,2002,0,0,0.43616355922163574,0.6677808863959087,0.20326939377553574,29.050874999999962,21.069174654952672,0.0614668273169911,0.5760869565217391,0.654891304347826,0.0,0,0,-0.22691135019093323
communication_only,assemble,2003,0,0,0.7885152672704814,0.11553063611616446,0.12246343039266325,16.305974999999997,8.376235298468025,0.2900633871349295,0.4279891304347826,0.6195652173913043,1.0,0,0,0.1697891366990587
communication_only,assemble,2004,0,0,0.7804032734563865,0.11050986936874094,0.10425670201039727,17.61795,9.362754569557993,0.25930355596366805,0.6209239130434783,0.7228260869565217,0.0,0,0,0.11488019612042011
communication_only,assemble,2005,0,0,0.6981442711721977,0.30039237971405186,0.12643527841235358,20.429324999999988,17.964179438760205,0.08989132928222604,0.6453804347826086,0.7336956521739131,0.0,0,0,0.004955856867419506
communication_only,assemble,2006,0,0,0.6297520859578437,0.3473454553935399,0.14450412247651306,26.052074999999984,20.35020886905672,0.0657224135609051,0.5434782608695652,0.6304347826086957,1.0,0,0,-0.06483031239930559
communication_only,assemble,2007,0,0,0.790428951033455,0.1001732083897884,0.1064444112620046,16.305974999999993,9.794294929701811,0.23975335243924664,0.47282608695652173,0.6168478260869565,0.0,0,0,0.20814263068165673
communication_only,assemble,2008,0,0,0.7426177694794968,0.13705390914153354,0.13311349813123685,19.492200000000008,10.737276555647973,0.2020081129008218,0.5529891304347826,0.7010869565217391,0.0,0,0,0.11037073524229268
communication_only,assemble,2009,0,0,0.8149736392427508,0.07347249968444426,0.1145921795629729,13.869449999999986,6.425470669832464,0.36124403808051125,0.7336956521739131,0.7907608695652174,1.0,0,0,0.19106001748421153
communication_only,assemble,2010,0,0,0.7807852091342187,0.10357963302122507,0.13337431366793073,16.493399999999994,8.903869278292847,0.26065584675148595,0.6059782608695652,0.720108695652174,0.0,0,0,0.129824021845928
communication_only,assemble,2011,0,0,0.7519189992919446,0.13102023327978787,0.14968713707817421,19.492199999999997,16.881779323275254,0.09931099780348077,0.6902173913043478,0.7581521739130435,0.0,0,0,0.10702754431979133
communication_only,assemble,2012,0,0,0.6748966380413524,0.30972673782945154,0.1156292213131096,21.928724999999996,17.985333720001563,0.08468813837642016,0.6182065217391305,0.6902173913043478,1.0,0,0,0.047956077766924676
communication_only,assemble,2013,0,0,0.701024320756762,0.23994758029164637,0.14324467384675915,22.303574999999984,18.27998040405072,0.0846854729634276,0.6589673913043478,0.7038043478260869,1.0,0,0,0.02177500993615389
communication_only,assemble,2014,0,0,0.6706595029142937,0.31416885705072767,0.13203429760303545,21.928724999999986,18.292640223865188,0.08095581210669073,0.7024456521739131,0.7853260869565217,0.0,0,0,0.048643637681060725
communication_only,assemble,2015,0,0,0.7992038843509466,0.09664606932332247,0.11523970108826131,15.18142499999999,6.970340634185172,0.33780094703199465,0.7758152173913043,0.8614130434782609,1.0,0,0,0.1835648011442822
communication_only,assemble,2016,0,0,0.780007641753037,0.09821337130431765,0.12906394322004372,16.680825,10.836778402786573,0.2043568337005373,0.751358695652174,0.845108695652174,0.0,0,0,0.14933288572832215
communication_only,assemble,2017,0,0,0.8132373918747087,0.09396919089271193,0.11823528804586426,14.24429999999999,8.265577371764067,0.29574396235245715,0.6345108695652174,0.7228260869565217,0.0,0,0,0.11748115335928977
communication_only,assemble,2018,0,0,0.6133062074414792,0.41135517885679757,0.1372332953490136,23.053274999999974,17.899085059436587,0.08334456347300065,0.53125,0.5625,0.0,0,0,-0.08581392299063717
communication_only,assemble,2019,0,0,0.7855104403886107,0.1062929343241128,0.1275913026556265,17.617949999999986,8.380048891398065,0.30770682787247866,0.4673913043478261,0.6521739130434783,1.0,0,0,0.027966426291409552
communication_only,repair,2000,0,0,0.7941503872199662,0.10026474177005014,0.1186484578577424,15.368849999999997,11.154975790732438,0.1975439979660969,0.5828804347826086,0.6793478260869565,0.0,0,0,0.21413590179556852
communication_only,repair,2001,0,0,0.7869118913128651,0.11121506355698683,0.10426870705328004,16.305975,10.662662556730211,0.21274335332424119,0.5461956521739131,0.6603260869565217,0.0,0,0,0.15674843700030128
communication_only,repair,2002,0,0,0.8055462423791431,0.0934885121658144,0.10736786919485594,15.368849999999995,7.983083575241724,0.3106948000541467,0.7853260869565217,0.8288043478260869,0.0,0,0,0.13570798082372526
communication_only,repair,2003,0,0,0.8088525540531657,0.093028094645012,0.11334364827465032,15.181425000000003,7.244962779105445,0.3453383074150526,0.6304347826086957,0.7472826086956522,1.0,0,0,0.07952485820954047
communication_only,repair,2004,0,0,0.8366961745079737,0.07590189452624116,0.09820124499336902,11.807774999999998,7.869129627853264,0.30185301078869387,0.44429347826086957,0.5570652173913043,0.0,0,0,0.16647396223056588
communication_only,repair,2005,0,0,0.7911565427571648,0.10060145820562141,0.10904660026294505,15.743699999999993,6.483514925444725,0.35373750198282045,0.44565217391304346,0.5625,0.0,0,0,0.09888199030679601
communication_only,repair,2006,0,0,0.8262319794822022,0.08946674129807657,0.10727665936067238,14.244299999999997,7.515931017515034,0.35407562942897497,0.6766304347826086,0.7336956521739131,1.0,0,0,0.017100397323953853
communication_only,repair,2007,0,0,0.7811642598866982,0.13779980022844884,0.10911979261145212,16.4934,10.852185718136024,0.20975894872483467,0.7010869565217391,0.7527173913043478,0.0,0,0,0.05225675788007644
communication_only,repair,2008,0,0,0.7821266756271023,0.11877604710193668,0.11127873053831659,16.305974999999997,7.730047883135866,0.30203863138713594,0.6399456521739131,0.7418478260869565,1.0,0,0,0.10422099511684535
communication_only,repair,2009,0,0,0.8078458052640692,0.08148024842683575,0.10949706627721376,13.869449999999997,6.536438997162461,0.34392543656179403,0.7010869565217391,0.7282608695652174,0.0,0,0,0.2172798912340509
communication_only,repair,2010,0,0,0.7874590332971975,0.09590237465324866,0.12359741722585586,15.181424999999997,10.03624283274421,0.21709007430614938,0.7418478260869565,0.8369565217391305,1.0,0,0,0.16094188793332198
communication_only,repair,2011,0,0,0.7928468933564474,0.10516118726003709,0.11866033517470752,15.556274999999998,11.408686017043646,0.19275824449156756,0.6942934782608695,0.7608695652173914,1.0,0,0,0.08200233259747369
communication_only,repair,2012,0,0,0.7637293308069019,0.14489821612588782,0.10874505198467559,17.2431,9.19139165194599,0.24537759605322934,0.5597826086956522,0.7282608695652174,0.0,0,0,0.11050015159160553
communication_only,repair,2013,0,0,0.7908489987480046,0.11157460207075937,0.13049773225996034,15.743699999999999,11.330256959260888,0.196985060705555,0.47554347826086957,0.6711956521739131,0.0,0,0,0.12426873751381662
communication_only,repair,2014,0,0,0.8175965595576477,0.0877930092556407,0.1095694631682492,14.056874999999998,8.156378310088582,0.30133327311801783,0.7459239130434783,0.8043478260869565,0.0,0,0,0.14822138882491942
communication_only,repair,2015,0,0,0.7759531620266618,0.1261186639013829,0.11097671845012656,18.367649999999998,10.96608488855558,0.22181387328701274,0.6453804347826086,0.8043478260869565,0.0,0,0,0.05183840327807154
communication_only,repair,2016,0,0,0.7446945519903897,0.13398158068958904,0.1256998913151321,20.241899999999987,7.90788457619033,0.300381964011301,0.8233695652173914,0.8614130434782609,0.0,0,0,0.10067377854240378
communication_only,repair,2017,0,0,0.8263024042632686,0.09565060323160261,0.11722042055737168,13.682024999999998,6.185949969081157,0.4047460532181565,0.717391304347826,0.8315217391304348,1.0,0,0,0.06138442717301895
communication_only,repair,2018,0,0,0.7731730475812784,0.11050298884122998,0.14173980947009154,18.180224999999997,10.226610311440314,0.23531429462330322,0.5584239130434783,0.6711956521739131,0.0,0,0,0.055493466706797556
communication_only,repair,2019,0,0,0.7523021611384789,0.1179923176789871,0.113322739918427,19.679625000000005,9.700837044993708,0.23781151884962937,0.7934782608695652,0.8614130434782609,0.0,0,0,0.07837444130858684
communication_only,reconfigure,2000,0,0,0.6851157255621689,0.1638500958500566,0.2552575541357242,18.555075000000006,0.0,0.5394474453126652,0.8152173913043478,0.8858695652173914,1.0,0,0,0.5672648977736735
communication_only,reconfigure,2001,0,0,0.7478378334327539,0.09363367713331083,0.1747283240636521,13.494599999999993,0.0,0.4992201381405197,0.8152173913043478,0.8532608695652174,1.0,0,0,0.633682204676304
communication_only,reconfigure,2002,0,0,0.7170266395762797,0.11033420502540948,0.2099054039369812,14.806574999999992,0.0,0.48451269352057136,0.6929347826086957,0.7907608695652174,0.0,0,0,0.5862584821574419
communication_only,reconfigure,2003,0,0,0.6623925069147686,0.13323660819604363,0.21975585379061957,18.929924999999997,0.0,0.4400753104253904,0.6616847826086957,0.7690217391304348,1.0,0,0,0.5453579633973606
communication_only,reconfigure,2004,0,0,0.7219129050163886,0.1547364603856651,0.24146884630611107,15.181424999999992,0.0,0.5246250453770338,0.6480978260869565,0.717391304347826,1.0,0,0,0.6109077305250229
communication_only,reconfigure,2005,0,0,0.7380735625337791,0.11381214799481806,0.19403239333975822,14.993999999999993,0.0,0.5318559596267242,0.6426630434782609,0.6929347826086957,0.0,0,0,0.6144923597019326
communication_only,reconfigure,2006,0,0,0.7172853084643037,0.10034911976689796,0.17116537865839665,14.806574999999992,0.0,0.44824163540135037,0.6997282608695652,0.7391304347826086,1.0,0,0,0.5872259032431438
communication_only,reconfigure,2007,0,0,0.6872271752601569,0.13176724317658753,0.2248202696725544,17.9928,0.0,0.4768633131225393,0.6875,0.782608695652174,0.0,0,0,0.5571790133688548
communication_only,reconfigure,2008,0,0,0.7576676189773085,0.10542789684104699,0.16893867433464335,13.49459999999999,0.0,0.5255425276042904,0.6834239130434783,0.7418478260869565,1.0,0,0,0.6343467067581953
communication_only,reconfigure,2009,0,0,0.7452366274720776,0.09675707853414879,0.1396182671169887,14.431724999999998,0.0,0.4927317747271527,0.8084239130434783,0.8614130434782609,0.0,0,0,0.6140770457149496
communication_only,reconfigure,2010,0,0,0.8083277807914373,0.05126450246944945,0.11474105276729207,8.996400000000001,0.0,0.49970493304572977,0.7010869565217391,0.8016304347826086,0.0,0,0,0.6971501201250206
communication_only,reconfigure,2011,0,0,0.6961383989760297,0.1112339900322608,0.1988376788841145,16.680824999999995,0.0,0.4451178362248331,0.8029891304347826,0.8505434782608695,1.0,0,0,0.5728453187295887
communication_only,reconfigure,2012,0,0,0.6767904329058333,0.1827501496905593,0.24001267096748277,16.680825000000002,0.0,0.45381400483485984,0.6277173913043478,0.7255434782608695,0.0,0,0,0.5702599614387152
communication_only,reconfigure,2013,0,0,0.7265904443027001,0.12841736770059498,0.22561366403004285,14.806574999999997,0.0,0.4936563692652893,0.5652173913043478,0.6793478260869565,0.0,0,0,0.601062652737249
communication_only,reconfigure,2014,0,0,0.6720867675100847,0.15794248163625954,0.2355698838840378,18.180225,0.0,0.4490887845115514,0.6589673913043478,0.7391304347826086,1.0,0,0,0.5429646357537721
communication_only,reconfigure,2015,0,0,0.7405743008772402,0.09639598327610634,0.11996255384732703,12.932324999999995,0.0,0.46558938817928497,0.7472826086956522,0.8152173913043478,0.0,0,0,0.6201690953336935
communication_only,reconfigure,2016,0,0,0.7248911947108445,0.10188245426527374,0.15975630098191618,14.05687499999999,0.0,0.468363259795902,0.7853260869565217,0.8695652173913043,1.0,0,0,0.6026900050509449
communication_only,reconfigure,2017,0,0,0.7288417428669196,0.1013716942607948,0.13221821151172283,15.368849999999986,0.0,0.5031241586527991,0.5788043478260869,0.7309782608695652,1.0,0,0,0.6167351157116123
communication_only,reconfigure,2018,0,0,0.7422245491829972,0.11627905843727178,0.16489588936833807,14.244299999999992,0.0,0.4840712609789809,0.7269021739130435,0.7771739130434783,1.0,0,0,0.618323277060066
communication_only,reconfigure,2019,0,0,0.7205238855079534,0.10546392804432096,0.1654183749628075,14.806574999999993,0.0,0.44383534676234965,0.7296195652173914,0.8315217391304348,0.0,0,0,0.6157332010777724
random_joint,assemble,2000,1,0,0.8468719716182115,0.1748492866635927,0.11773293838273839,8.434125000000002,0.0,0.8018173445943065,0.6304347826086957,0.6630434782608695,0.0,10,1,0.24771314657145127
random_joint,assemble,2001,1,0,0.8399823916007094,0.18981499648182817,0.12971455575551794,9.183825000000004,0.0,0.8321319231072161,0.5896739130434783,0.6711956521739131,0.0,10,1,0.20269216096874532
random_joint,assemble,2002,0,0,0.8022958545539423,0.20583672392231922,0.12793945116743366,12.932324999999993,11.043626313179354,0.21522654666526805,0.5788043478260869,0.657608695652174,0.0,10,1,0.1392209451413733
random_joint,assemble,2003,1,0,0.8735439420471922,0.16120887952019605,0.1371437606738856,6.559875000000003,0.0,0.8264412961791272,0.43342391304347827,0.6630434782608695,1.0,10,1,0.25481781147576954
random_joint,assemble,2004,1,0,0.8606682811745452,0.1713808990333137,0.1210833873182166,7.871850000000004,0.0,0.8357618694475554,0.49592391304347827,0.6168478260869565,1.0,10,1,0.1951452038385788
random_joint,assemble,2005,0,0,0.8705125299351885,0.1561988234120972,0.14567820523461042,7.309575000000004,9.716786365108678,0.2520243280062211,0.6073369565217391,0.7092391304347826,0.0,10,1,0.17732411563041028
random_joint,assemble,2006,0,0,0.8033533544990856,0.20724322655149344,0.13308417339628414,12.370049999999992,8.818991027177418,0.2777835595370664,0.5217391304347826,0.6521739130434783,1.0,10,1,0.10877095614193633
random_joint,assemble,2007,1,0,0.8966504955958923,0.15818492285443073,0.08979123772427759,4.685625000000002,0.0,0.8155784066566176,0.44972826086956524,0.6358695652173914,0.0,10,1,0.314364175244094
random_joint,assemble,2008,1,0,0.8211107730760842,0.18527030557993146,0.13996381561396048,9.7461,0.0,0.7731456317184051,0.6182065217391305,0.7391304347826086,0.0,10,1,0.18886373883888008
random_joint,assemble,2009,1,0,0.8967371161368023,0.12368000685316036,0.13429048462017454,4.873050000000002,0.0,0.8065271568210814,0.6739130434782609,0.7418478260869565,1.0,10,1,0.27282349437826303
random_joint,assemble,2010,1,0,0.8836243250475465,0.1317621777095614,0.14984534513479136,5.4353250000000015,0.0,0.7932866265568723,0.5760869565217391,0.7554347826086957,0.0,10,1,0.23266313775925584
random_joint,assemble,2011,0,0,0.7928729818541883,0.21807998867584497,0.16273849829052114,12.370049999999999,16.881779323275254,0.09931099780348077,0.6616847826086957,0.75,1.0,10,0,0.14798152688203503
random_joint,assemble,2012,0,0,0.8081350449340197,0.21077942086893234,0.11150620807738132,11.245499999999998,8.447772451231266,0.2789885405460111,0.5964673913043478,0.717391304347826,1.0,10,1,0.18119448465959198
random_joint,assemble,2013,0,0,0.7125037983312801,0.2927419175000292,0.1753514585435839,18.180225,18.27998040405072,0.0846854729634276,0.5665760869565217,0.6440217391304348,0.0,10,0,0.03325448751067195
random_joint,assemble,2014,0,0,0.8410001035158835,0.1798966675854933,0.12970478402513466,8.621550000000004,7.4221973129541565,0.31504290633398946,0.46603260869565216,0.5842391304347826,0.0,10,1,0.21898423828265057
random_joint,assemble,2015,1,0,0.8817681612532015,0.1564894581473795,0.10614639369457032,5.810175000000003,0.0,0.8073436282929851,0.6725543478260869,0.7472826086956522,1.0,10,1,0.26612907804653707
random_joint,assemble,2016,1,0,0.8851458084301324,0.14306672606904233,0.12847535906912516,5.247900000000002,0.0,0.7919236225239132,0.8641304347826086,0.9239130434782609,1.0,10,1,0.25447105240541745
random_joint,assemble,2017,1,0,0.9148443972813995,0.1257243231587209,0.12831261610814326,3.7485000000000013,0.0,0.8310510786233556,0.6399456521739131,0.8179347826086957,1.0,10,1,0.21908815876598065
random_joint,assemble,2018,0,0,0.800052533541626,0.1982696749870041,0.14629251074022628,11.62035,10.092719860478173,0.22113625094499578,0.53125,0.6467391304347826,0.0,10,1,0.10093240310950957
random_joint,assemble,2019,1,0,0.8917098433047396,0.1552116971943324,0.12636806803974793,5.997600000000002,0.0,0.8771285698752374,0.529891304347826,0.6684782608695652,1.0,10,1,0.1341658292075384
random_joint,repair,2000,1,0,0.8658993912667973,0.16070878707715863,0.1282743536235381,6.747300000000004,0.0,0.7965845756922767,0.8369565217391305,0.8668478260869565,0.0,10,1,0.28588490584239956
random_joint,repair,2001,1,0,0.8446806645817451,0.17244149338742554,0.09941072560650119,8.996400000000001,0.0,0.8066737769442966,0.6059782608695652,0.6983695652173914,0.0,10,1,0.21451721026918125
random_joint,repair,2002,1,0,0.8887267113808709,0.15647749070437347,0.13193072997188635,5.622750000000002,0.0,0.8427720574348929,0.6983695652173914,0.779891304347826,0.0,10,1,0.21888844982545308
random_joint,repair,2003,1,0,0.8664371629304121,0.1667032772065811,0.13022050683823883,7.684425000000005,0.0,0.854182511920279,0.6372282608695652,0.7391304347826086,0.0,10,1,0.13710946708678684
random_joint,repair,2004,1,0,0.8963926710073029,0.1402421906655015,0.12217375427771927,4.685625000000002,0.0,0.8072080026916116,0.5706521739130435,0.6875,1.0,10,1,0.22617045872989505
random_joint,repair,2005,1,0,0.8441406509586238,0.19131084374780163,0.11710012184863532,8.059275000000003,0.0,0.7955188027812666,0.5285326086956522,0.6385869565217391,0.0,10,1,0.15186609850825494
random_joint,repair,2006,1,0,0.9019802505647061,0.14668616954675662,0.12635792451438174,5.622750000000002,0.0,0.9059661197819433,0.7336956521739131,0.7690217391304348,0.0,10,1,0.09284866840645778
random_joint,repair,2007,1,0,0.8381817148113151,0.1968046540388335,0.1262846381722342,8.808975000000002,0.0,0.8144249024308912,0.6372282608695652,0.7663043478260869,1.0,10,1,0.1092742128046933
random_joint,repair,2008,1,0,0.831227503295366,0.1982062699631893,0.10575907212121247,9.183825000000006,0.0,0.7937836262478725,0.6752717391304348,0.7418478260869565,1.0,10,1,0.15332182278510909
random_joint,repair,2009,0,0,0.8467551359433179,0.1654703611840378,0.12597731778579294,8.059275000000005,6.536438997162461,0.34392543656179403,0.75,0.7771739130434783,0.0,10,0,0.2561892219132995
random_joint,repair,2010,1,0,0.84903565440703,0.14418660062445132,0.1610522733532866,7.497000000000004,0.0,0.7611593340176531,0.7581521739130435,0.8369565217391305,1.0,10,1,0.2225185090431545
random_joint,repair,2011,1,0,0.8522177990306223,0.17650499185141438,0.15128981596188676,7.497000000000005,0.0,0.8023320395899256,0.6671195652173914,0.7472826086956522,0.0,10,1,0.1413732382716486
random_joint,repair,2012,1,0,0.8170591931064687,0.20172670693248299,0.11341406650259223,9.933525000000003,0.0,0.7741163528533732,0.7364130434782609,0.8288043478260869,1.0,10,1,0.16383001389117235
random_joint,repair,2013,0,0,0.8330998254078583,0.19261666699834532,0.12872853169292942,9.371250000000002,11.330256959260888,0.196985060705555,0.4782608695652174,0.6847826086956522,0.0,10,0,0.1665195641736703
random_joint,repair,2014,0,0,0.861807587354611,0.14970582124568874,0.14564817493364285,8.059275000000005,8.156378310088582,0.30133327311801783,0.6671195652173914,0.7364130434782609,0.0,10,0,0.19243241662188282
random_joint,repair,2015,1,0,0.8378901858277702,0.20672810094272576,0.10946266123351742,9.746100000000004,0.0,0.873579582173697,0.6154891304347826,0.7554347826086957,0.0,10,1,0.11377542707917998
random_joint,repair,2016,0,0,0.7731980598268239,0.24069743488651385,0.1347103490235291,13.682025000000001,7.90788457619033,0.300381964011301,0.7758152173913043,0.8315217391304348,0.0,10,0,0.12917728637883796
random_joint,repair,2017,1,0,0.8832793373816696,0.1703116571223654,0.12686609688764056,6.372450000000003,0.0,0.8769970139196885,0.779891304347826,0.8913043478260869,1.0,10,1,0.11836136029141997
random_joint,repair,2018,0,0,0.8467840064775353,0.18019062637825992,0.1503301159716341,8.808975000000002,10.226610311440314,0.23531429462330322,0.48233695652173914,0.6657608695652174,0.0,10,0,0.12910442560305446
random_joint,repair,2019,1,0,0.7975990929869015,0.21759332506959453,0.11611567860572765,11.995199999999995,0.0,0.7995771719974223,0.7934782608695652,0.8478260869565217,1.0,10,1,0.12367137315700938
random_joint,reconfigure,2000,0,0,0.7146879823159493,0.2539559711630714,0.25056590124102485,11.995199999999999,0.0,0.5394474453126652,0.7445652173913043,0.8369565217391305,1.0,1,0,0.5968371545274539
random_joint,reconfigure,2001,0,0,0.72735757432181,0.2135178114638741,0.23483930775922185,11.058075,0.0,0.47769867413017836,0.7038043478260869,0.8206521739130435,1.0,1,1,0.6700337334261887
random_joint,reconfigure,2002,0,0,0.7754756863933565,0.15482094012381875,0.20897184868910573,7.309575000000003,0.0,0.48451269352057136,0.5095108695652174,0.6875,0.0,1,1,0.6447075289745188
random_joint,reconfigure,2003,0,0,0.6669368240820133,0.24674988172152287,0.21751309543507924,14.806574999999993,0.0,0.4400753104253904,0.6589673913043478,0.75,1.0,1,1,0.5781187495799196
random_joint,reconfigure,2004,0,0,0.616335746775077,0.40494436709177106,0.2989260314694453,13.682025000000003,0.0,0.4664470517548774,0.5244565217391305,0.6739130434782609,0.0,1,1,0.5603621005644916
random_joint,reconfigure,2005,0,0,0.7975018255514428,0.17476289245586765,0.1789295693736134,7.309575000000004,0.0,0.5318559596267242,0.6616847826086957,0.7472826086956522,0.0,1,0,0.6739206227195963
random_joint,reconfigure,2006,0,0,0.7496282723711432,0.1667585571776281,0.20139293559520896,9.183824999999999,0.0,0.44824163540135037,0.6426630434782609,0.717391304347826,1.0,1,1,0.6588502798748191
random_joint,reconfigure,2007,0,0,0.8131719149520137,0.18252069260488557,0.24729845881296647,8.996400000000003,0.0,0.7865742652752451,0.5720108695652174,0.6711956521739131,0.0,1,1,0.7017020619023262
random_joint,reconfigure,2008,0,0,0.7893739173237285,0.1595461192023431,0.22508614545019295,7.6844250000000045,0.0,0.5154163704505559,0.501358695652174,0.6005434782608695,0.0,1,1,0.6983948163400837
random_joint,reconfigure,2009,0,0,0.7622434070440297,0.17341865829045328,0.2222534818708987,10.87065,0.0,0.5384270777040285,0.7119565217391305,0.8016304347826086,1.0,1,1,0.6976321577195463
random_joint,reconfigure,2010,0,0,0.8577586210936494,0.10234797016358217,0.13492746092983718,3.186225000000001,0.0,0.49970493304572977,0.7350543478260869,0.8097826086956522,0.0,1,0,0.7465809604272328
random_joint,reconfigure,2011,0,0,0.7796848339027616,0.16584032207376162,0.20199186426074975,8.621550000000003,0.0,0.5338301241478172,0.6698369565217391,0.7309782608695652,1.0,1,1,0.674470952017073
random_joint,reconfigure,2012,0,0,0.6449516285814296,0.3327638817995765,0.320576075752976,12.370050000000003,0.0,0.45381400483485984,0.6902173913043478,0.7717391304347826,0.0,1,1,0.6281516285814296
random_joint,reconfigure,2013,0,0,0.7315848251260184,0.22996439275420033,0.2679627895698397,11.058075000000002,0.0,0.5183135413051827,0.5353260869565217,0.6793478260869565,0.0,1,1,0.6693872001693966
random_joint,reconfigure,2014,0,0,0.698750163572578,0.24653438384158938,0.20238775718949278,12.557475,0.0,0.4490887845115514,0.5855978260869565,0.6494565217391305,1.0,1,1,0.6077688552898057
random_joint,reconfigure,2015,0,0,0.7471078731334184,0.17350267473298164,0.2601092035984202,8.246700000000004,0.0,0.46558938817928497,0.6671195652173914,0.7635869565217391,0.0,1,1,0.65216641997039
random_joint,reconfigure,2016,0,0,0.7574410524702269,0.16546545277348584,0.2104724305128928,9.558675000000001,0.0,0.5064328202139271,0.7309782608695652,0.8260869565217391,0.0,1,1,0.6966691140445557
random_joint,reconfigure,2017,0,0,0.7231542781997281,0.18890741122701502,0.23302649211004697,12.370049999999996,0.0,0.5031241586527991,0.5597826086956522,0.6983695652173914,0.0,1,1,0.6192044801230563
random_joint,reconfigure,2018,0,0,0.7808580924816466,0.18601113691989699,0.16580466996799612,8.246700000000004,0.0,0.4840712609789809,0.7051630434782609,0.7663043478260869,1.0,1,0,0.6569568203587154
random_joint,reconfigure,2019,0,0,0.7057589174153119,0.24207312601086406,0.23474376574657502,11.432925,0.0,0.44425244439350364,0.6752717391304348,0.7907608695652174,0.0,1,1,0.6524486240880916
oracle_collective,assemble,2000,1,0,0.8547998440583626,0.17133244191601946,0.1251125643750646,7.6844250000000045,0.0,0.8018173445943065,0.6222826086956522,0.6657608695652174,0.0,1,1,0.2556410190116024
oracle_collective,assemble,2001,1,0,0.8383876094068811,0.1835442336993782,0.1442600068542562,9.371250000000003,0.0,0.8321319231072161,0.5271739130434783,0.6114130434782609,0.0,1,1,0.20109737877491696
oracle_collective,assemble,2002,1,0,0.8709031713660729,0.15820867544137138,0.11352936301218353,7.6844250000000045,0.0,0.8558922293615248,0.7010869565217391,0.75,0.0,2,2,0.2078282619535039
oracle_collective,assemble,2003,1,0,0.8740905083337741,0.16120887952019605,0.1325044364215056,6.559875000000003,0.0,0.8264412961791272,0.42527173913043476,0.657608695652174,1.0,1,1,0.25536437776235144
oracle_collective,assemble,2004,1,0,0.8615861046848626,0.17064452908975175,0.1141631361816969,7.871850000000004,0.0,0.8357618694475554,0.5828804347826086,0.6711956521739131,1.0,1,1,0.19606302734889625
oracle_collective,assemble,2005,1,0,0.9066683596505636,0.1289476889416529,0.13545811800625426,4.685625000000002,0.0,0.8490549591501945,0.7323369565217391,0.8070652173913043,0.0,2,2,0.2134799453457854
oracle_collective,assemble,2006,1,0,0.8580944682970996,0.17921777083132256,0.10484472285770444,8.059275000000003,0.0,0.8364913051356078,0.6168478260869565,0.7336956521739131,1.0,2,2,0.16351206993995027
oracle_collective,assemble,2007,1,0,0.8968573577766277,0.15745409156125606,0.08979123772427759,4.685625000000002,0.0,0.8155784066566176,0.4633152173913043,0.6467391304347826,0.0,1,1,0.3145710374248294
oracle_collective,assemble,2008,1,0,0.8153147805971894,0.19064204156172523,0.1439526682771704,10.120950000000002,0.0,0.7731456317184051,0.5828804347826086,0.7065217391304348,0.0,1,1,0.18306774635998535
oracle_collective,assemble,2009,1,0,0.8963666638527711,0.1253393027066138,0.13429048462017454,4.873050000000002,0.0,0.8065271568210814,0.6603260869565217,0.7309782608695652,1.0,1,1,0.2724530420942318
oracle_collective,assemble,2010,1,0,0.8836243250475465,0.1317621777095614,0.14984534513479136,5.4353250000000015,0.0,0.7932866265568723,0.5760869565217391,0.7554347826086957,0.0,1,1,0.23266313775925584
oracle_collective,assemble,2011,1,0,0.8814937731634431,0.13013497492340764,0.15576312703195994,6.185025000000002,0.0,0.8193232819594398,0.7703804347826086,0.8478260869565217,1.0,2,2,0.23660231819128985
oracle_collective,assemble,2012,1,0,0.8574109161539109,0.18966444098776963,0.09964210862159548,7.122150000000004,0.0,0.8020269927293924,0.6290760869565217,0.75,1.0,2,2,0.23047035587948317
oracle_collective,assemble,2013,1,0,0.8364868843459593,0.1877709104282227,0.13301867902676653,9.558675000000001,0.0,0.8320908468673953,0.7730978260869565,0.8070652173913043,1.0,2,2,0.15723757352535117
oracle_collective,assemble,2014,1,0,0.8854755375439538,0.13846044104134217,0.11005212018322719,5.622750000000002,0.0,0.7967042287887474,0.592391304347826,0.6847826086956522,0.0,2,2,0.26345967231072087
oracle_collective,assemble,2015,1,0,0.8817900914988896,0.15640997429503808,0.10614639369457032,5.810175000000003,0.0,0.8073436282929851,0.6725543478260869,0.7472826086956522,1.0,1,1,0.26615100829222527
oracle_collective,assemble,2016,1,0,0.8852196631610647,0.14268738067230846,0.12866953021737668,5.247900000000002,0.0,0.7919236225239132,0.8532608695652174,0.9130434782608695,1.0,1,1,0.2545449071363498
oracle_collective,assemble,2017,1,0,0.9170843314532295,0.1251041876621281,0.12799431278128387,3.561075000000001,0.0,0.8310510786233556,0.6698369565217391,0.8125,1.0,1,1,0.22132809293781064
oracle_collective,assemble,2018,1,0,0.8606024173697819,0.17098249874878854,0.11223156056534678,6.747300000000004,0.0,0.7808390246731094,0.5720108695652174,0.6657608695652174,0.0,2,2,0.16148228693766553
oracle_collective,assemble,2019,1,0,0.8919989677490292,0.15416383326236072,0.12636806803974793,5.997600000000002,0.0,0.8771285698752374,0.5461956521739131,0.6847826086956522,1.0,1,1,0.13445495365182802
oracle_collective,repair,2000,1,0,0.8779678261570699,0.14782097939327185,0.12131450156749671,5.997600000000004,0.0,0.7965845756922767,0.7309782608695652,0.7907608695652174,0.0,1,1,0.2979533407326722
oracle_collective,repair,2001,1,0,0.8456354352799477,0.1767369354242433,0.09550681137083036,8.808975000000002,0.0,0.8066737769442966,0.6168478260869565,0.7146739130434783,0.0,1,1,0.21547198096738385
oracle_collective,repair,2002,1,0,0.8871114728704411,0.15769698070682947,0.12561651692332385,5.810175000000003,0.0,0.8427720574348929,0.6711956521739131,0.7527173913043478,0.0,1,1,0.2172732113150233
oracle_collective,repair,2003,1,0,0.8666803290260024,0.17362881317260123,0.12720217654988647,7.497000000000005,0.0,0.854182511920279,0.6494565217391305,0.7581521739130435,0.0,1,1,0.13735263318237723
oracle_collective,repair,2004,1,0,0.896745608010544,0.1391162748027384,0.12152443690688687,4.685625000000002,0.0,0.8072080026916116,0.5869565217391305,0.7092391304347826,1.0,1,1,0.22652339573313618
oracle_collective,repair,2005,1,0,0.8447942366045416,0.18800674303771667,0.12112440559705653,8.059275000000003,0.0,0.7955188027812666,0.5529891304347826,0.6657608695652174,0.0,1,1,0.15251968415417272
oracle_collective,repair,2006,1,0,0.9081817846378688,0.13860920781452735,0.12596622675950123,5.247900000000002,0.0,0.9059661197819433,0.779891304347826,0.8179347826086957,0.0,1,1,0.09905020247962049
oracle_collective,repair,2007,1,0,0.8465088640408489,0.19147094257428882,0.1175278896785893,8.246700000000004,0.0,0.8144249024308912,0.6019021739130435,0.7391304347826086,1.0,1,1,0.11760136203422711
oracle_collective,repair,2008,1,0,0.8329448551653045,0.19845340619104548,0.10658001592338813,8.996400000000007,0.0,0.7937836262478725,0.65625,0.7418478260869565,1.0,1,1,0.15503917465504757
oracle_collective,repair,2009,1,0,0.8677391103729883,0.15453768810386426,0.11996697417140988,6.372450000000003,0.0,0.778586233825076,0.7554347826086957,0.8016304347826086,1.0,1,1,0.27717319634297
oracle_collective,repair,2010,1,0,0.8541548558719717,0.14288072861454618,0.1538223933812716,7.122150000000004,0.0,0.7611593340176531,0.720108695652174,0.7934782608695652,1.0,1,1,0.22763771050809622
oracle_collective,repair,2011,1,0,0.8575636005902987,0.17509551389488426,0.1427225148383446,7.122150000000005,0.0,0.8023320395899256,0.5964673913043478,0.7092391304347826,0.0,1,1,0.14671903983132495
oracle_collective,repair,2012,1,0,0.8221333873642881,0.19945748515527228,0.10629055969022884,9.558675000000004,0.0,0.7741163528533732,0.6657608695652174,0.7744565217391305,1.0,1,1,0.16890420814899176
oracle_collective,repair,2013,1,0,0.8708370056482955,0.16634605412603765,0.11958960591362412,6.5598750000000035,0.0,0.8119266566731991,0.46467391304347827,0.6711956521739131,1.0,1,1,0.20425674441410746
oracle_collective,repair,2014,1,0,0.8953209958868111,0.13705030071207086,0.12306798158525974,5.435325000000002,0.0,0.8352776300414317,0.688858695652174,0.7744565217391305,1.0,1,1,0.2259458251540829
oracle_collective,repair,2015,1,0,0.8473994983499572,0.2030578493323342,0.10204172843814459,8.996400000000005,0.0,0.873579582173697,0.65625,0.782608695652174,0.0,1,1,0.12328473960136699
oracle_collective,repair,2016,1,0,0.8030357508240659,0.22869484799812959,0.12907954331314278,11.058074999999999,0.0,0.8071749619829284,0.7717391304347826,0.8396739130434783,0.0,1,1,0.15901497737607995
oracle_collective,repair,2017,1,0,0.8866262250139056,0.15854491474986385,0.12755448717289272,6.372450000000003,0.0,0.8769970139196885,0.7635869565217391,0.8967391304347826,1.0,1,1,0.12170824792365598
oracle_collective,repair,2018,1,0,0.878770107305324,0.15071368744019228,0.13203064515625915,6.7473000000000045,0.0,0.8449253949407074,0.49592391304347827,0.6847826086956522,1.0,1,1,0.1610905264308432
oracle_collective,repair,2019,1,0,0.8024837925016609,0.21546244144222135,0.11006216225477002,11.620349999999995,0.0,0.7995771719974223,0.779891304347826,0.8315217391304348,1.0,1,1,0.12855607267176883
oracle_collective,reconfigure,2000,1,0,0.7510132492275946,0.2670975490425028,0.3033733774162956,12.7449,0.0,0.855683985425953,0.6114130434782609,0.7146739130434783,0.0,1,1,0.6499982539803129
oracle_collective,reconfigure,2001,1,0,0.8472945474938326,0.14693264725689947,0.22206050127262375,7.871850000000005,0.0,0.8321122382758598,0.6331521739130435,0.7391304347826086,1.0,1,1,0.7494468657025898
oracle_collective,reconfigure,2002,1,0,0.8396843863165566,0.1582819815939979,0.23389631198523064,8.621550000000003,0.0,0.9095126935205716,0.5081521739130435,0.6304347826086957,0.0,1,1,0.7275973942432672
oracle_collective,reconfigure,2003,1,0,0.7784692297626112,0.22525690396857284,0.21784172478262878,11.995199999999993,0.0,0.8172155034705779,0.6725543478260869,0.75,1.0,1,1,0.6781539067476902
oracle_collective,reconfigure,2004,1,0,0.7857539811013563,0.2649600964408226,0.24593238909634316,9.933525000000001,0.0,0.8311316480211592,0.5801630434782609,0.6793478260869565,0.0,1,1,0.6906066886801857
oracle_collective,reconfigure,2005,1,0,0.852728759955539,0.18875244202649977,0.2000361751521774,7.497000000000004,0.0,0.8680913564041892,0.6630434782608695,0.7309782608695652,0.0,1,1,0.7468020146710992
oracle_collective,reconfigure,2006,1,0,0.8489954060499446,0.1617734419101799,0.20372233721585523,7.6844250000000045,0.0,0.8732416354013499,0.6589673913043478,0.7309782608695652,1.0,1,1,0.737515915860379
oracle_collective,reconfigure,2007,1,0,0.8134490292007737,0.195405921794023,0.23913746568806604,9.933525000000003,0.0,0.8966553696425594,0.6100543478260869,0.720108695652174,0.0,1,1,0.7019791761510863
oracle_collective,reconfigure,2008,1,0,0.8647240067794563,0.14864187830848472,0.18981391622907987,6.747300000000004,0.0,0.8195114167858294,0.5067934782608695,0.6385869565217391,1.0,1,1,0.7590203677345021
oracle_collective,reconfigure,2009,1,0,0.8615794064407737,0.15511596114757709,0.15304086095128544,8.059275000000003,0.0,0.8828531866049737,0.6616847826086957,0.7391304347826086,0.0,1,1,0.7491569077918069
oracle_collective,reconfigure,2010,1,0,0.9241532865976837,0.10208277486020467,0.1428918413588597,3.3736500000000005,0.0,0.8486562502006476,0.6630434782608695,0.75,0.0,1,1,0.8288581488836123
oracle_collective,reconfigure,2011,1,0,0.8243917653213049,0.1824580395435869,0.19642666909130022,9.558675,0.0,0.8701178362248334,0.7214673913043478,0.8125,1.0,1,1,0.7187119822529269
oracle_collective,reconfigure,2012,1,0,0.7657605255267719,0.26820200918188675,0.21909996713252453,11.432925000000001,0.0,0.7867524758815387,0.7336956521739131,0.8342391304347826,1.0,1,1,0.6744486928406705
oracle_collective,reconfigure,2013,1,0,0.8329037780744658,0.1856899670047904,0.28526588090615684,8.059275000000005,0.0,0.9104106802743727,0.6304347826086957,0.7690217391304348,1.0,1,1,0.725308528161222
oracle_collective,reconfigure,2014,1,0,0.7822945029392607,0.25666716832934894,0.23579877140479186,10.683224999999998,0.0,0.8740887845115514,0.6508152173913043,0.717391304347826,0.0,1,1,0.6716183900052785
oracle_collective,reconfigure,2015,1,0,0.8844945660396087,0.161400019434604,0.1395310764900309,5.622750000000003,0.0,0.8780528963801187,0.5529891304347826,0.6684782608695652,1.0,1,1,0.7812901041451401
oracle_collective,reconfigure,2016,1,0,0.8357225331523569,0.17619223536351042,0.1941009446019829,8.621550000000003,0.0,0.8139446687790935,0.7663043478260869,0.8206521739130435,1.0,1,1,0.7309786563010144
oracle_collective,reconfigure,2017,1,0,0.8461981259341851,0.17664770573009586,0.12969061164499462,8.996400000000003,0.0,0.8462567675657978,0.626358695652174,0.720108695652174,0.0,1,1,0.750106731229636
oracle_collective,reconfigure,2018,1,0,0.8489908160984003,0.1794704211971205,0.183242419526582,8.434125000000002,0.0,0.8843211945936581,0.7214673913043478,0.7663043478260869,1.0,1,1,0.7427897257073164
oracle_collective,reconfigure,2019,1,0,0.8455316023935078,0.1794868137922774,0.1598801904484002,7.871850000000006,0.0,0.8383601884427528,0.6086956521739131,0.7309782608695652,0.0,1,1,0.755711015739067
